"time (UTC)","pCO2 in water (ppm)","qc_pco2_water","pCO2 in air (ppm)","qc_pco2_air","O2 in water (%)","qc_o2_water","o2_air","O2 in air (%)"
"2025-05-01 00:00:00.000","554.0497","0","429.14212","0","20.896364","0","21.279642","0"
"2025-05-01 03:00:00.000","499.16132","0","433.20743","0","20.95035","0","21.521206","0"
"2025-05-01 06:00:00.000","454.7003","0","452.24945","0","20.84655","0","21.341902","0"
"2025-05-01 09:00:00.000","499.71112","0","466.04562","0","20.591383","0","21.19379","0"
"2025-05-01 12:00:00.000","529.4087","0","488.70825","0","20.287931","0","21.070692","0"
"2025-05-01 15:00:00.000","416.92804","0","439.7585","0","21.084816","0","21.50793","0"
"2025-05-01 18:00:00.000","381.76465","0","443.21683","0","21.677584","0","21.665506","0"
"2025-05-01 21:00:00.000","322.125","0","440.3054","0","22.178102","0","21.577938","0"
"2025-05-02 00:00:00.000","569.4794","0","431.91656","0","21.090683","0","21.220875","0"
"2025-05-02 03:00:00.000","572.9799","0","431.59863","0","20.850355","0","21.468615","0"
"2025-05-02 06:00:00.000","326.82202","0","499.40958","0","21.629484","0","21.306383","0"
"2025-05-02 09:00:00.000","348.9614","0","480.4643","0","21.857244","0","21.161388","0"
"2025-05-02 12:00:00.000","439.0093","0","483.3536","0","21.615526","0","21.098448","0"
"2025-05-02 15:00:00.000","304.64264","0","458.81436","0","22.564314","0","21.480507","0"
"2025-05-02 18:00:00.000","349.21057","0","434.87323","0","22.892574","0","21.60001","0"
"2025-05-02 21:00:00.000","355.69162","0","423.941","0","22.947237","0","21.546036","0"
"2025-05-03 00:00:00.000","556.5807","0","427.65323","0","21.716375","0","21.255182","0"
"2025-05-03 03:00:00.000","542.1593","0","432.87332","0","21.184143","0","21.276733","0"
"2025-05-03 06:00:00.000","576.4805","0","433.00925","0","20.542418","0","21.117231","0"
"2025-05-03 09:00:00.000","514.8543","0","433.36728","0","20.441563","0","21.119135","0"
"2025-05-03 12:00:00.000","536.61487","0","444.58603","0","20.24897","0","21.06482","0"
"2025-05-03 15:00:00.000","363.26093","0","432.84482","0","20.56275","0","21.067404","0"
"2025-05-03 18:00:00.000","404.6403","0","428.34055","0","21.036901","0","21.1788","0"
"2025-05-03 21:00:00.000","384.2883","0","427.43292","0","21.455875","0","21.317764","0"
"2025-05-04 00:00:00.000","368.83652","0","427.61142","0","21.807415","0","21.383623","0"
"2025-05-04 03:00:00.000","562.62103","0","431.8814","0","21.121027","0","21.31931","0"
"2025-05-04 06:00:00.000","583.72345","0","436.62772","0","20.474144","0","21.166729","0"
"2025-05-04 09:00:00.000","351.78244","0","436.31018","0","21.015335","0","21.094995","0"
"2025-05-04 12:00:00.000","450.47437","0","436.3619","0","20.902061","0","21.069824","0"
"2025-05-04 15:00:00.000","476.87555","0","432.0344","0","21.081196","0","21.353968","0"
"2025-05-04 18:00:00.000","423.8839","0","431.74567","0","21.494307","0","21.568283","0"
"2025-05-04 21:00:00.000","277.09616","0","430.5761","0","22.237585","0","21.443459","0"
"2025-05-05 00:00:00.000","238.2286","0","427.49936","0","23.07345","0","21.454659","0"
"2025-05-05 03:00:00.000","597.01715","0","434.94168","0","22.11516","0","21.547075","0"
"2025-05-05 06:00:00.000","576.1144","0","458.68915","0","21.336384","0","21.367247","0"
"2025-05-05 09:00:00.000","571.0545","0","469.43256","0","20.668623","0","21.146547","0"
"2025-05-05 12:00:00.000","588.1452","0","477.25934","0","20.282415","0","21.026207","0"
"2025-05-05 15:00:00.000","277.86862","0","443.93927","0","21.65104","0","21.413795","0"
"2025-05-05 18:00:00.000","227.76775","0","440.8431","0","23.25018","0","21.68414","0"
"2025-05-05 21:00:00.000","246.66502","0","440.80832","0","24.103785","0","21.62396","0"
"2025-05-06 00:00:00.000","238.36794","0","429.14636","0","24.511196","0","21.491203","0"
"2025-05-06 03:00:00.000","550.1307","0","435.2358","0","23.313278","0","21.703457","0"
"2025-05-06 06:00:00.000","562.6067","0","457.76947","0","22.239828","0","21.535177","0"
"2025-05-06 09:00:00.000","544.69446","0","459.96384","0","21.526545","0","21.370525","0"
"2025-05-06 12:00:00.000","571.39984","0","482.46982","0","21.005863","0","21.32","0"
"2025-05-06 15:00:00.000","355.84808","0","451.405","0","21.85654","0","21.57552","0"
"2025-05-06 18:00:00.000","529.8427","0","453.47238","0","21.617233","0","21.667404","0"
"2025-05-06 21:00:00.000","254.02534","0","441.55682","0","22.796032","0","21.5512","0"
"2025-05-07 00:00:00.000","284.47192","0","435.85516","0","23.515356","0","21.364141","0"
"2025-05-07 03:00:00.000","345.64676","0","430.81992","0","23.522589","0","21.389996","0"
"2025-05-07 06:00:00.000","622.7319","0","441.58856","0","22.056034","0","21.332764","0"
"2025-05-07 09:00:00.000","262.75342","0","438.5837","0","22.886034","0","21.266197","0"
"2025-05-07 12:00:00.000","497.24768","0","439.33157","0","22.159317","0","21.267235","0"
"2025-05-07 15:00:00.000","261.44882","0","442.8162","0","22.944664","0","21.267057","0"
"2025-05-07 18:00:00.000","525.8636","0","430.0934","0","22.31327","0","21.477255","0"
"2025-05-07 21:00:00.000","209.49205","0","425.80307","0","23.502605","0","21.47691","0"
"2025-05-10 00:00:00.000","224.8259","0","425.69232","0","23.379992","0","21.311378","0"
"2025-05-10 03:00:00.000","331.47534","0","432.72604","0","23.676895","0","21.551893","0"
"2025-05-10 06:00:00.000","561.56696","0","443.65396","0","22.259306","0","21.348959","0"
"2025-05-10 09:00:00.000","455.10553","0","448.06458","0","21.867067","0","21.22965","0"
"2025-05-10 12:00:00.000","482.87512","0","460.83417","0","21.470514","0","21.14725","0"
"2025-05-10 15:00:00.000","363.6264","0","452.47986","0","21.72983","0","21.144485","0"
"2025-05-10 18:00:00.000","270.4714","0","436.2588","0","22.617409","0","21.29086","0"
"2025-05-10 21:00:00.000","542.3769","0","430.68097","0","21.855509","0","21.379305","0"
"2025-05-11 00:00:00.000","507.42383","0","426.61203","0","21.497746","0","21.33742","0"
"2025-05-11 03:00:00.000","275.36777","0","433.31082","0","22.376547","0","21.339828","0"
"2025-05-11 06:00:00.000","370.52112","0","449.82712","0","22.004484","0","21.155008","0"
"2025-05-11 09:00:00.000","557.29584","0","447.12442","0","21.265348","0","21.021029","0"
"2025-05-11 12:00:00.000","407.6083","0","454.60977","0","21.250525","0","20.986729","0"
"2025-05-11 15:00:00.000","353.17514","0","437.76135","0","21.588097","0","21.01466","0"
"2025-05-11 18:00:00.000","305.6036","0","434.96503","0","22.53621","0","21.264303","0"
"2025-05-11 21:00:00.000","576.14667","0","430.97842","0","21.610165","0","21.237425","0"
"2025-05-12 00:00:00.000","563.3879","0","427.00522","0","21.315178","0","21.395678","0"
"2025-05-12 03:00:00.000","291.12726","0","432.13156","0","22.101713","0","21.40965","0"
"2025-05-12 06:00:00.000","341.98987","0","450.53006","0","22.185352","0","21.303629","0"
"2025-05-12 09:00:00.000","468.68417","0","439.64395","0","21.749825","0","21.262411","0"
"2025-05-12 12:00:00.000","339.01776","0","444.0069","0","22.000343","0","21.263792","0"
"2025-05-12 15:00:00.000","330.02875","0","432.54803","0","22.23534","0","21.264648","0"
"2025-05-12 18:00:00.000","251.85928","0","425.12665","0","23.125355","0","21.486897","0"
"2025-05-12 21:00:00.000","503.25912","0","433.2185","0","22.402758","0","21.537586","0"
"2025-05-13 00:00:00.000","513.674","0","425.9334","0","21.954659","0","21.602066","0"
"2025-05-13 03:00:00.000","424.08893","0","430.43024","0","21.979145","0","21.69018","0"
"2025-05-13 06:00:00.000","484.3673","0","442.93655","0","21.596027","0","21.55517","0"
"2025-05-13 09:00:00.000","612.4667","0","453.9666","0","20.900003","0","21.471037","0"
"2025-05-13 12:00:00.000","419.86414","0","449.62357","0","21.120687","0","21.495348","0"
"2025-05-13 15:00:00.000","331.76364","0","435.66605","0","21.763966","0","21.577745","0"
"2025-05-13 18:00:00.000","315.99142","0","432.6129","0","22.355164","0","21.643446","0"
"2025-05-13 21:00:00.000","453.46332","0","425.06326","0","22.177929","0","21.796883","0"
"2025-05-14 00:00:00.000","468.4496","0","426.36417","0","21.443798","0","21.2924","0"
"2025-05-14 03:00:00.000","451.9332","0","428.99905","0","21.39793","0","21.353107","0"
"2025-05-14 06:00:00.000","377.07822","0","432.97913","0","21.516722","0","21.25413","0"
"2025-05-14 09:00:00.000","466.7221","0","441.09003","0","21.141722","0","21.202253","0"
"2025-05-14 12:00:00.000","452.02646","0","440.99948","0","20.972235","0","21.19708","0"
"2025-05-14 15:00:00.000","414.36102","0","431.61874","0","21.007069","0","21.18829","0"
"2025-05-14 18:00:00.000","372.31708","0","428.29077","0","21.399315","0","21.25396","0"
"2025-05-14 21:00:00.000","512.5552","0","425.4197","0","21.13189","0","21.392584","0"
"2025-05-15 00:00:00.000","534.73987","0","426.99524","0","20.778614","0","21.355175","0"
"2025-05-15 03:00:00.000","582.4041","0","431.21393","0","20.470013","0","21.325867","0"
"2025-05-15 06:00:00.000","427.00476","0","435.40915","0","20.595512","0","21.21138","0"
"2025-05-15 09:00:00.000","541.1837","0","437.56262","0","20.307919","0","21.166218","0"
"2025-05-15 12:00:00.000","413.02872","0","441.56473","0","20.585167","0","21.150866","0"
"2025-05-15 15:00:00.000","318.05966","0","440.78372","0","21.417765","0","21.353268","0"
"2025-05-15 18:00:00.000","337.90005","0","434.5944","0","21.596724","0","21.239656","0"
"2025-05-15 21:00:00.000","436.68207","0","432.12692","0","21.4257","0","21.244486","0"
"2025-05-16 00:00:00.000","531.864","0","431.80014","0","21.136385","0","21.453785","0"
"2025-05-16 03:00:00.000","477.75708","0","430.40323","0","20.978796","0","21.40914","0"
"2025-05-16 06:00:00.000","186.8205","0","442.589","0","22.398277","0","21.35896","0"
"2025-05-16 09:00:00.000","310.92035","0","469.01672","0","22.411198","0","21.307753","0"
"2025-05-16 12:00:00.000","311.10913","0","458.37466","0","22.473795","0","21.29638","0"
"2025-05-16 15:00:00.000","301.70795","0","446.1022","0","22.56775","0","21.312927","0"
"2025-05-16 18:00:00.000","307.9831","0","433.63312","0","22.787416","0","21.396889","0"
"2025-05-16 21:00:00.000","308.9745","0","425.7528","0","23.241375","0","21.626879","0"
"2025-05-17 00:00:00.000","569.7532","0","427.68155","0","21.817755","0","21.334143","0"
"2025-05-17 03:00:00.000","616.1317","0","440.01108","0","20.877918","0","21.27206","0"
"2025-05-17 06:00:00.000","167.05069","0","440.07327","0","22.48379","0","21.151205","0"
"2025-05-17 09:00:00.000","200.36209","0","444.58377","0","23.14207","0","21.123096","0"
"2025-05-17 12:00:00.000","213.48344","0","452.87302","0","23.33999","0","21.107754","0"
"2025-05-17 15:00:00.000","387.4229","0","429.48535","0","22.594648","0","21.107752","0"
"2025-05-17 18:00:00.000","453.95316","0","428.42188","0","22.000164","0","21.156723","0"
"2025-05-17 21:00:00.000","481.3964","0","427.6967","0","21.510168","0","21.226217","0"
"2025-05-18 00:00:00.000","601.7281","0","428.73297","0","20.950867","0","21.436384","0"
"2025-05-18 03:00:00.000","581.8773","0","431.9621","0","20.52621","0","21.432072","0"
"2025-05-18 06:00:00.000","596.8202","0","437.77362","0","20.031384","0","21.329304","0"
"2025-05-18 09:00:00.000","456.46457","0","449.66672","0","20.133446","0","21.162756","0"
"2025-05-18 12:00:00.000","450.9998","0","452.8733","0","20.24328","0","21.186893","0"
"2025-05-18 15:00:00.000","453.6402","0","433.87476","0","20.458105","0","21.287594","0"
"2025-05-18 18:00:00.000","425.32318","0","428.86774","0","21.151892","0","21.74915","0"
"2025-05-18 21:00:00.000","449.85583","0","426.39597","0","21.207254","0","21.691729","0"
"2025-05-19 00:00:00.000","508.35416","0","427.20694","0","20.777582","0","21.367924","0"
"2025-05-19 03:00:00.000","553.6908","0","435.49002","0","20.542074","0","21.33707","0"
"2025-05-19 06:00:00.000","603.1992","0","445.54355","0","20.04673","0","21.110859","0"
"2025-05-19 09:00:00.000","352.87054","0","445.9345","0","20.548445","0","21.004835","0"
"2025-05-19 12:00:00.000","457.18024","0","451.12067","0","20.420353","0","20.983793","0"
"2025-05-19 15:00:00.000","366.99133","0","435.99774","0","20.787941","0","20.945335","0"
"2025-05-19 18:00:00.000","279.62415","0","431.8334","0","21.843615","0","21.220705","0"
"2025-05-19 21:00:00.000","287.78946","0","430.77835","0","22.44552","0","21.276888","0"
"2025-05-20 00:00:00.000","403.43857","0","426.7655","0","22.3169","0","21.375689","0"
"2025-05-20 03:00:00.000","601.1806","0","430.76758","0","21.396557","0","21.377245","0"
"2025-05-20 06:00:00.000","579.0465","0","448.7102","0","20.908447","0","21.319477","0"
"2025-05-20 09:00:00.000","387.11453","0","440.74442","0","21.162767","0","21.296211","0"
"2025-05-20 12:00:00.000","545.28284","0","455.56882","0","20.734137","0","21.281733","0"
"2025-05-20 15:00:00.000","356.18533","0","450.66843","0","21.256897","0","21.306206","0"
"2025-05-20 18:00:00.000","313.70728","0","442.5819","0","22.301556","0","21.540686","0"
"2025-05-20 21:00:00.000","310.1497","0","431.20227","0","22.86137","0","21.527237","0"
"2025-05-21 00:00:00.000","285.31412","0","432.51913","0","23.045004","0","21.39242","0"
"2025-05-21 03:00:00.000","631.2173","0","430.0917","0","21.783108","0","21.382072","0"
"2025-05-21 06:00:00.000","569.5338","0","441.0826","0","21.106544","0","21.279661","0"
"2025-05-21 09:00:00.000","598.26276","0","447.68332","0","20.625349","0","21.243448","0"
"2025-05-21 12:00:00.000","650.18475","0","449.15207","0","20.122238","0","21.247932","0"
"2025-05-21 15:00:00.000","516.8436","0","429.72955","0","20.135511","0","21.272413","0"
"2025-05-21 18:00:00.000","328.5945","0","431.39362","0","21.513098","0","21.635687","0"
"2025-05-21 21:00:00.000","368.44507","0","430.42487","0","22.546726","0","21.497927","0"
"2025-05-22 00:00:00.000","233.96999","0","423.72983","0","23.984156","0","21.28792","0"
"2025-05-22 03:00:00.000","543.2681","0","430.94397","0","22.824146","0","21.461554","0"
"2025-05-22 06:00:00.000","552.06836","0","442.95953","0","21.833096","0","21.25862","0"
"2025-05-22 09:00:00.000","583.24713","0","456.74054","0","21.023615","0","21.113274","0"
"2025-05-22 12:00:00.000","623.1843","0","465.2039","0","20.335857","0","21.053444","0"
"2025-05-22 15:00:00.000","547.5518","0","446.8401","0","20.595345","0","21.493265","0"
"2025-05-22 18:00:00.000","573.6948","0","438.8869","0","20.558798","0","21.554476","0"
"2025-05-22 21:00:00.000","298.10794","0","429.34943","0","21.884474","0","21.514647","0"
"2025-05-23 00:00:00.000","290.95642","0","420.10016","0","22.70811","0","21.184994","0"
"2025-05-23 03:00:00.000","520.76544","0","426.65518","0","22.155176","0","21.392414","0"
"2025-05-23 06:00:00.000","563.88525","0","432.43234","0","21.22396","0","21.238958","0"
"2025-05-23 09:00:00.000","583.04456","0","433.44717","0","20.713446","0","21.19863","0"
"2025-05-23 12:00:00.000","546.9176","0","435.44388","0","20.388447","0","21.211033","0"
"2025-05-23 15:00:00.000","576.23004","0","434.67453","0","20.149826","0","21.215687","0"
"2025-05-23 18:00:00.000","603.8936","0","430.53375","0","19.950174","0","21.261028","0"
"2025-05-23 21:00:00.000","311.8014","0","428.22195","0","21.081373","0","21.314835","0"
"2025-05-24 00:00:00.000","258.2019","0","426.5498","0","22.518099","0","21.445866","0"
"2025-05-24 03:00:00.000","309.01126","0","429.1847","0","22.923103","0","21.469137","0"
"2025-05-24 06:00:00.000","637.1138","0","440.0985","0","21.606544","0","21.352068","0"
"2025-05-24 09:00:00.000","579.38135","0","456.5658","0","20.87121","0","21.176722","0"
"2025-05-24 12:00:00.000","610.0835","0","458.16855","0","20.274824","0","21.07379","0"
"2025-05-24 15:00:00.000","490.34656","0","439.02145","0","20.635174","0","21.33983","0"
"2025-05-24 18:00:00.000","591.5392","0","438.33682","0","20.55104","0","21.54689","0"
"2025-05-24 21:00:00.000","583.39795","0","437.7669","0","20.275349","0","21.406216","0"
"2025-05-25 00:00:00.000","343.637","0","426.834","0","21.575346","0","21.377935","0"
"2025-05-25 03:00:00.000","413.54306","0","431.87503","0","22.12828","0","21.506197","0"
"2025-05-25 06:00:00.000","688.29425","0","443.43158","0","20.822598","0","21.366032","0"
"2025-05-25 09:00:00.000","415.73807","0","462.44293","0","21.01621","0","21.233618","0"
"2025-05-25 12:00:00.000","442.5474","0","458.32587","0","20.956896","0","21.16156","0"
"2025-05-25 15:00:00.000","377.55835","0","449.0873","0","21.484127","0","21.455175","0"
"2025-05-25 18:00:00.000","469.51105","0","432.72464","0","21.347767","0","21.466206","0"
"2025-05-25 21:00:00.000","600.81274","0","431.58585","0","20.804655","0","21.457418","0"
"2025-05-26 00:00:00.000","220.5102","0","431.70773","0","22.452593","0","21.377752","0"
"2025-05-26 03:00:00.000","241.80429","0","427.90555","0","23.311546","0","21.413454","0"
"2025-05-26 06:00:00.000","648.26263","0","464.62448","0","21.740517","0","21.34259","0"
"2025-05-26 09:00:00.000","665.2213","0","470.34476","0","20.638622","0","21.263615","0"
"2025-05-26 12:00:00.000","516.2389","0","483.3415","0","20.459661","0","21.229652","0"
"2025-05-26 15:00:00.000","478.24826","0","441.15018","0","20.567072","0","21.326387","0"
"2025-05-26 18:00:00.000","417.4571","0","426.4499","0","20.922585","0","21.416557","0"
"2025-05-26 21:00:00.000","643.1391","0","424.24228","0","20.273106","0","21.478449","0"
"2025-05-27 00:00:00.000","688.47797","0","424.9986","0","19.767761","0","21.38896","0"
"2025-05-27 03:00:00.000","416.61633","0","428.31195","0","20.37137","0","21.373268","0"
"2025-05-27 06:00:00.000","567.3785","0","449.689","0","20.063286","0","21.283453","0"
"2025-05-27 09:00:00.000","689.098","0","448.8223","0","19.406384","0","21.17622","0"
"2025-05-27 12:00:00.000","475.28522","0","453.61493","0","19.681044","0","21.1507","0"
"2025-05-27 15:00:00.000","468.81375","0","440.10828","0","20.101048","0","21.347935","0"
"2025-05-27 18:00:00.000","650.74414","0","438.29413","0","20.706379","0","21.606564","0"
"2025-05-27 21:00:00.000","548.61176","0","434.92468","0","20.282413","0","21.469667","0"
"2025-05-28 00:00:00.000","575.64984","0","430.51398","0","19.916899","0","21.278265","0"
"2025-05-28 03:00:00.000","442.4672","0","431.09625","0","20.333101","0","21.306202","0"
"2025-05-28 06:00:00.000","438.14337","0","465.7325","0","20.503796","0","21.244482","0"
"2025-05-28 09:00:00.000","630.8939","0","518.59717","0","19.842237","0","21.104996","0"
"2025-05-28 12:00:00.000","408.0545","0","500.45755","0","20.162586","0","20.980347","0"
"2025-05-28 15:00:00.000","389.76428","0","467.62567","0","20.921537","0","21.339653","0"
"2025-05-28 18:00:00.000","397.20544","0","438.88974","0","21.360174","0","21.48552","0"
"2025-05-28 21:00:00.000","489.14258","0","446.68304","0","21.143776","0","21.445696","0"
"2025-05-29 00:00:00.000","594.5058","0","426.28418","0","20.50553","0","21.415684","0"
"2025-05-29 03:00:00.000","603.4966","0","427.39734","0","20.236036","0","21.479485","0"
"2025-05-29 06:00:00.000","574.0161","0","460.49084","0","19.950188","0","21.33759","0"
"2025-05-29 09:00:00.000","627.1577","0","443.02188","0","19.626892","0","21.32466","0"
"2025-05-29 12:00:00.000","350.82193","0","446.20462","0","20.509659","0","21.285172","0"
"2025-05-29 15:00:00.000","457.48862","0","446.65247","0","20.58655","0","21.295343","0"
"2025-05-29 18:00:00.000","465.77325","0","426.16086","0","20.63293","0","21.366545","0"
"2025-05-29 21:00:00.000","485.8796","0","424.4674","0","20.654488","0","21.462418","0"
"2025-06-01 00:00:00.000","651.18164","0","423.1729","0","19.453625","0","21.319483","0"
"2025-06-01 03:00:00.000","625.7711","0","427.77478","0","19.550686","0","21.574144","0"
"2025-06-01 06:00:00.000","511.58203","0","434.25748","0","19.698107","0","21.475855","0"
"2025-06-01 09:00:00.000","510.68536","0","451.99634","0","19.760176","0","21.426718","0"
"2025-06-01 12:00:00.000","548.5195","0","460.72443","0","19.605175","0","21.237423","0"
"2025-06-01 15:00:00.000","494.37433","0","431.10657","0","20.150175","0","21.636374","0"
"2025-06-01 18:00:00.000","369.58115","0","434.68646","0","20.99052","0","21.701555","0"
"2025-06-01 21:00:00.000","291.1791","0","430.75104","0","21.99241","0","21.69276","0"
"2025-06-02 00:00:00.000","479.7091","0","428.7787","0","21.423454","0","21.452246","0"
"2025-06-02 03:00:00.000","585.8081","0","430.72052","0","20.907572","0","21.544477","0"
"2025-06-02 06:00:00.000","577.43304","0","448.50262","0","20.607754","0","21.509996","0"
"2025-06-02 09:00:00.000","446.76053","0","483.88474","0","20.561375","0","21.31551","0"
"2025-06-02 12:00:00.000","297.24484","0","458.25632","0","21.3269","0","21.252075","0"
"2025-06-02 15:00:00.000","345.08673","0","448.69666","0","21.792078","0","21.581905","0"
"2025-06-02 18:00:00.000","246.46155","0","431.74704","0","23.255022","0","21.79948","0"
"2025-06-02 21:00:00.000","210.23672","0","428.1256","0","24.308966","0","21.687752","0"
"2025-06-03 00:00:00.000","260.5645","0","426.23798","0","23.818277","0","21.299473","0"
"2025-06-03 03:00:00.000","548.5461","0","431.54382","0","22.545353","0","21.503267","0"
"2025-06-03 06:00:00.000","442.7387","0","454.66565","0","21.68897","0","21.385864","0"
"2025-06-03 09:00:00.000","346.26178","0","504.4352","0","21.706896","0","21.210169","0"
"2025-06-03 12:00:00.000","458.84982","0","483.89465","0","21.190512","0","21.102413","0"
"2025-06-03 15:00:00.000","310.52533","0","427.50525","0","22.097424","0","21.486034","0"
"2025-06-03 18:00:00.000","169.15016","0","430.1253","0","23.708275","0","21.619308","0"
"2025-06-03 21:00:00.000","195.50296","0","427.626","0","25.075686","0","21.563099","0"
"2025-06-04 00:00:00.000","188.59895","0","426.5882","0","25.12414","0","21.078102","0"
"2025-06-04 03:00:00.000","583.65436","0","428.75385","0","23.278101","0","21.361727","0"
"2025-06-04 06:00:00.000","547.01984","0","435.77643","0","21.981203","0","21.185528","0"
"2025-06-04 09:00:00.000","558.1075","0","435.69968","0","21.101542","0","21.136543","0"
"2025-06-04 12:00:00.000","546.0822","0","438.29004","0","20.637417","0","21.153101","0"
"2025-06-04 15:00:00.000","414.47632","0","435.84924","0","21.016209","0","21.161379","0"
"2025-06-04 18:00:00.000","564.1064","0","434.09766","0","20.573793","0","21.212946","0"
"2025-06-04 21:00:00.000","193.2405","0","431.87308","0","22.587769","0","21.321554","0"
"2025-06-05 00:00:00.000","190.51344","0","424.74792","0","24.01844","0","21.190859","0"
"2025-06-05 03:00:00.000","572.7393","0","423.76413","0","22.619125","0","21.35328","0"
"2025-06-05 06:00:00.000","544.1623","0","448.64203","0","21.764484","0","21.289824","0"
"2025-06-05 09:00:00.000","570.182","0","447.5462","0","20.950682","0","21.177942","0"
"2025-06-05 12:00:00.000","505.74084","0","460.02054","0","20.636034","0","21.153797","0"
"2025-06-05 15:00:00.000","275.88327","0","446.06616","0","22.214483","0","21.455347","0"
"2025-06-05 18:00:00.000","525.546","0","429.03845","0","21.679464","0","21.516893","0"
"2025-06-05 21:00:00.000","285.72726","0","427.6972","0","22.392921","0","21.431215","0"
"2025-06-06 00:00:00.000","246.28123","0","423.69446","0","23.38499","0","21.051731","0"
"2025-06-06 03:00:00.000","475.05673","0","431.33334","0","22.899128","0","21.367249","0"
"2025-06-06 06:00:00.000","526.93634","0","438.79327","0","22.104486","0","21.287764","0"
"2025-06-06 09:00:00.000","486.1876","0","448.97675","0","21.580872","0","21.173967","0"
"2025-06-06 12:00:00.000","447.81244","0","452.77542","0","21.287941","0","21.084126","0"
"2025-06-06 15:00:00.000","332.68347","0","441.17514","0","21.993118","0","21.33466","0"
"2025-06-06 18:00:00.000","466.9034","0","427.43326","0","21.755169","0","21.368275","0"
"2025-06-06 21:00:00.000","442.08035","0","424.1391","0","21.811726","0","21.426725","0"
"2025-06-07 00:00:00.000","420.1412","0","421.4206","0","21.96068","0","21.306377","0"
"2025-06-07 03:00:00.000","290.18518","0","426.24237","0","22.812761","0","21.387417","0"
"2025-06-07 06:00:00.000","438.5508","0","441.85898","0","22.369835","0","21.282072","0"
"2025-06-07 09:00:00.000","411.7441","0","439.33014","0","22.109993","0","21.180698","0"
"2025-06-07 12:00:00.000","328.90454","0","468.63562","0","22.232586","0","21.0874","0"
"2025-06-07 15:00:00.000","338.22363","0","472.91992","0","22.788958","0","21.360523","0"
"2025-06-07 18:00:00.000","425.65085","0","427.29926","0","22.60517","0","21.508635","0"
"2025-06-07 21:00:00.000","411.45105","0","425.6819","0","22.250875","0","21.330526","0"
"2025-06-08 00:00:00.000","420.72482","0","425.5405","0","22.03154","0","21.09983","0"
"2025-06-08 03:00:00.000","315.36517","0","430.44318","0","22.829994","0","21.23656","0"
"2025-06-08 06:00:00.000","394.06198","0","443.19696","0","22.5988","0","21.099667","0"
"2025-06-08 09:00:00.000","389.32834","0","502.1674","0","22.391552","0","21.014482","0"
"2025-06-08 12:00:00.000","250.39679","0","511.57336","0","23.10602","0","20.962755","0"
"2025-06-08 15:00:00.000","245.2386","0","427.72977","0","23.928957","0","21.22155","0"
"2025-06-08 18:00:00.000","372.87814","0","430.52463","0","23.53397","0","21.31587","0"
"2025-06-08 21:00:00.000","379.52545","0","429.96674","0","23.129477","0","21.290691","0"
"2025-06-09 00:00:00.000","383.43033","0","428.8345","0","22.834986","0","20.976204","0"
"2025-06-09 03:00:00.000","272.39392","0","436.74457","0","23.41171","0","20.992249","0"
"2025-06-09 06:00:00.000","373.8045","0","516.6424","0","23.115358","0","21.002071","0"
"2025-06-09 09:00:00.000","181.65018","0","445.09442","0","24.134478","0","20.854149","0"
"2025-06-09 12:00:00.000","268.36395","0","519.0105","0","24.003963","0","20.79155","0"
"2025-06-09 15:00:00.000","245.64311","0","454.45114","0","24.495527","0","21.066896","0"
"2025-06-09 18:00:00.000","280.2088","0","428.0488","0","24.636564","0","21.149656","0"
"2025-06-09 21:00:00.000","375.49237","0","425.95187","0","23.684305","0","21.087585","0"
"2025-06-10 00:00:00.000","371.22888","0","426.01376","0","23.390165","0","21.065693","0"
"2025-06-10 03:00:00.000","192.12885","0","429.50104","0","24.746044","0","21.067072","0"
"2025-06-10 06:00:00.000","332.80814","0","438.15536","0","24.100513","0","20.981897","0"
"2025-06-10 09:00:00.000","157.25658","0","454.26385","0","25.287592","0","20.845871","0"
"2025-06-10 12:00:00.000","260.17276","0","508.8688","0","24.829138","0","20.76707","0"
"2025-06-10 15:00:00.000","243.28218","0","443.46844","0","25.197922","0","21.152061","0"
"2025-06-10 18:00:00.000","197.27829","0","433.8572","0","25.692587","0","21.19137","0"
"2025-06-10 21:00:00.000","387.62497","0","425.64993","0","24.29758","0","21.07931","0"
"2025-06-11 00:00:00.000","356.02707","0","436.9475","0","23.886213","0","21.230871","0"
"2025-06-11 03:00:00.000","291.92413","0","428.24817","0","23.906197","0","21.11999","0"
"2025-06-11 06:00:00.000","279.44104","0","441.45303","0","24.041546","0","21.082582","0"
"2025-06-11 09:00:00.000","145.59947","0","444.64832","0","25.42708","0","20.97568","0"
"2025-06-11 12:00:00.000","204.5531","0","477.12976","0","25.402937","0","20.919483","0"
"2025-06-11 15:00:00.000","210.57948","0","439.28845","0","25.589493","0","21.052074","0"
"2025-06-11 18:00:00.000","203.58571","0","434.5345","0","25.834146","0","21.18603","0"
"2025-06-11 21:00:00.000","295.16876","0","429.01813","0","24.997921","0","21.149998","0"
"2025-06-12 00:00:00.000","349.70117","0","420.12308","0","24.27931","0","21.330523","0"
"2025-06-12 03:00:00.000","295.7743","0","423.59384","0","24.309828","0","21.405518","0"
"2025-06-12 06:00:00.000","360.8367","0","430.33945","0","23.616203","0","21.294827","0"
"2025-06-12 09:00:00.000","375.374","0","434.8604","0","22.806715","0","21.175186","0"
"2025-06-12 12:00:00.000","258.534","0","434.75882","0","23.372246","0","21.21121","0"
"2025-06-12 15:00:00.000","314.71378","0","430.19824","0","23.290697","0","21.24413","0"
"2025-06-12 18:00:00.000","259.12573","0","427.68674","0","23.635338","0","21.290861","0"
"2025-06-12 21:00:00.000","358.78973","0","426.3923","0","23.175352","0","21.337767","0"
"2025-06-13 00:00:00.000","445.68155","0","421.87128","0","22.371883","0","21.359148","0"
"2025-06-13 03:00:00.000","397.08734","0","426.3908","0","22.275864","0","21.382412","0"
"2025-06-13 06:00:00.000","412.2615","0","430.50467","0","21.920181","0","21.306559","0"
"2025-06-13 09:00:00.000","474.68436","0","430.945","0","21.318628","0","21.26258","0"
"2025-06-13 12:00:00.000","329.30936","0","432.6705","0","21.775867","0","21.248787","0"
"2025-06-13 15:00:00.000","322.96555","0","433.13306","0","22.114815","0","21.263443","0"
"2025-06-13 18:00:00.000","289.11826","0","426.7816","0","22.608616","0","21.343973","0"
"2025-06-13 21:00:00.000","371.1361","0","428.85223","0","22.516888","0","21.431553","0"
"2025-06-14 00:00:00.000","436.01852","0","420.3497","0","21.851719","0","21.31811","0"
"2025-06-14 03:00:00.000","250.69173","0","421.75546","0","22.734827","0","21.366718","0"
"2025-06-14 06:00:00.000","209.9086","0","430.46237","0","23.686565","0","21.333107","0"
"2025-06-14 09:00:00.000","389.45782","0","434.74197","0","23.026905","0","21.257065","0"
"2025-06-14 12:00:00.000","259.4217","0","449.57495","0","23.331886","0","21.24448","0"
"2025-06-14 15:00:00.000","225.72516","0","433.7817","0","23.761213","0","21.238268","0"
"2025-06-14 18:00:00.000","258.0579","0","427.33685","0","23.962934","0","21.436214","0"
"2025-06-14 21:00:00.000","292.5295","0","424.3777","0","23.830702","0","21.442938","0"
"2025-06-15 00:00:00.000","433.13498","0","420.8728","0","22.874117","0","21.428282","0"
"2025-06-15 03:00:00.000","416.34393","0","426.61176","0","22.478466","0","21.534655","0"
"2025-06-15 06:00:00.000","433.60605","0","430.7618","0","21.825163","0","21.361729","0"
"2025-06-15 09:00:00.000","446.88757","0","434.9352","0","21.400696","0","21.27242","0"
"2025-06-15 12:00:00.000","520.9726","0","448.4353","0","20.896383","0","21.230515","0"
"2025-06-15 15:00:00.000","362.35605","0","435.46246","0","21.621544","0","21.558275","0"
"2025-06-15 18:00:00.000","246.655","0","423.2757","0","22.72242","0","21.589315","0"
"2025-06-15 21:00:00.000","208.77103","0","425.02118","0","23.835869","0","21.63706","0"
"2025-06-16 00:00:00.000","367.93552","0","418.54916","0","22.920855","0","21.208275","0"
"2025-06-16 03:00:00.000","422.12164","0","426.30463","0","22.60673","0","21.522581","0"
"2025-06-16 06:00:00.000","414.63617","0","440.0991","0","22.005514","0","21.292244","0"
"2025-06-16 09:00:00.000","394.70517","0","441.78296","0","21.673271","0","21.109999","0"
"2025-06-16 12:00:00.000","481.33484","0","463.75543","0","21.132246","0","21.041021","0"
"2025-06-16 15:00:00.000","257.14496","0","427.98712","0","22.396198","0","21.353968","0"
"2025-06-16 18:00:00.000","236.7541","0","420.88455","0","23.284824","0","21.419659","0"
"2025-06-16 21:00:00.000","238.20638","0","421.2048","0","23.993462","0","21.539478","0"
"2025-06-17 00:00:00.000","457.85928","0","423.42346","0","22.533264","0","21.203611","0"
"2025-06-17 03:00:00.000","449.55853","0","426.12473","0","21.960863","0","21.28396","0"
"2025-06-17 06:00:00.000","499.40775","0","430.1218","0","21.315523","0","21.160852","0"
"2025-06-17 09:00:00.000","418.90784","0","455.82083","0","21.047762","0","21.00638","0"
"2025-06-17 12:00:00.000","417.19464","0","496.61258","0","20.867756","0","20.889484","0"
"2025-06-17 15:00:00.000","197.4188","0","437.35928","0","22.616198","0","21.142754","0"
"2025-06-17 18:00:00.000","215.39827","0","425.84503","0","23.674656","0","21.23053","0"
"2025-06-17 21:00:00.000","208.71071","0","433.28223","0","24.715006","0","21.286547","0"
"2025-06-18 00:00:00.000","405.6528","0","425.2712","0","23.791029","0","21.475866","0"
"2025-06-18 03:00:00.000","446.07205","0","424.121","0","22.810513","0","21.4012","0"
"2025-06-18 06:00:00.000","360.7531","0","438.9276","0","22.703808","0","21.359486","0"
"2025-06-18 09:00:00.000","352.78656","0","456.65244","0","22.489653","0","21.275854","0"
"2025-06-18 12:00:00.000","337.3454","0","454.87204","0","22.504131","0","21.297413","0"
"2025-06-18 15:00:00.000","441.99466","0","437.8552","0","22.197405","0","21.530336","0"
"2025-06-18 18:00:00.000","179.41866","0","423.42288","0","23.46673","0","21.359829","0"
"2025-06-18 21:00:00.000","245.08174","0","418.6886","0","23.891716","0","21.379822","0"
"2025-06-21 00:00:00.000","180.11397","0","421.22107","0","24.034822","0","21.39896","0"
"2025-06-21 03:00:00.000","439.5891","0","426.31894","0","23.068108","0","21.475517","0"
"2025-06-21 06:00:00.000","419.12894","0","431.6728","0","22.323275","0","21.31863","0"
"2025-06-21 09:00:00.000","403.67072","0","440.4498","0","21.947584","0","21.28707","0"
"2025-06-21 12:00:00.000","495.77246","0","442.69345","0","21.29604","0","21.244818","0"
"2025-06-21 15:00:00.000","369.69073","0","428.1643","0","21.38966","0","21.25103","0"
"2025-06-21 18:00:00.000","508.33926","0","437.53137","0","20.954317","0","21.286898","0"
"2025-06-21 21:00:00.000","466.76724","0","428.55072","0","20.919474","0","21.372585","0"
"2025-06-22 00:00:00.000","198.98466","0","431.81393","0","22.567072","0","21.441208","0"
"2025-06-22 03:00:00.000","443.17828","0","431.67535","0","21.909481","0","21.341383","0"
"2025-06-22 06:00:00.000","555.7701","0","461.24564","0","20.976545","0","21.258268","0"
"2025-06-22 09:00:00.000","248.81395","0","463.60394","0","21.806889","0","21.186563","0"
"2025-06-22 12:00:00.000","408.22635","0","465.9621","0","21.461023","0","21.193285","0"
"2025-06-22 15:00:00.000","338.0324","0","435.03845","0","21.678272","0","21.251547","0"
"2025-06-22 18:00:00.000","542.7535","0","435.0502","0","21.2924","0","21.61259","0"
"2025-06-22 21:00:00.000","493.7193","0","424.01276","0","20.898952","0","21.505161","0"
"2025-06-23 00:00:00.000","427.83755","0","421.09048","0","20.772924","0","21.384476","0"
"2025-06-23 03:00:00.000","257.93414","0","420.3864","0","22.018452","0","21.353624","0"
"2025-06-23 06:00:00.000","469.46384","0","442.8194","0","21.430182","0","21.288456","0"
"2025-06-23 09:00:00.000","401.30548","0","461.2678","0","21.239311","0","21.212772","0"
"2025-06-23 12:00:00.000","364.4417","0","428.19727","0","21.292936","0","21.221737","0"
"2025-06-23 15:00:00.000","324.98294","0","428.33878","0","21.56121","0","21.207256","0"
"2025-06-23 18:00:00.000","434.77585","0","426.18518","0","21.355516","0","21.242243","0"
"2025-06-23 21:00:00.000","539.37085","0","423.92676","0","20.676043","0","21.240185","0"
"2025-06-24 00:00:00.000","493.01044","0","426.17123","0","20.610172","0","21.32155","0"
"2025-06-24 03:00:00.000","246.93192","0","428.2639","0","21.991566","0","21.284472","0"
"2025-06-24 06:00:00.000","472.40555","0","435.87668","0","21.329485","0","21.228113","0"
"2025-06-24 09:00:00.000","289.43332","0","459.97232","0","21.950182","0","21.101545","0"
"2025-06-24 12:00:00.000","366.77258","0","515.0022","0","21.682579","0","20.985691","0"
"2025-06-24 15:00:00.000","423.25388","0","469.35516","0","21.526203","0","21.229324","0"
"2025-06-24 18:00:00.000","348.3793","0","429.00983","0","21.98691","0","21.461897","0"
"2025-06-24 21:00:00.000","522.1062","0","427.56857","0","21.130165","0","21.404655","0"
"2025-06-25 00:00:00.000","598.7949","0","417.7928","0","20.393444","0","21.435871","0"
"2025-06-25 03:00:00.000","195.73468","0","415.09915","0","22.452244","0","21.387758","0"
"2025-06-25 06:00:00.000","439.38977","0","426.5916","0","21.810694","0","21.332767","0"
"2025-06-25 09:00:00.000","484.89087","0","440.04187","0","21.151718","0","21.266542","0"
"2025-06-25 12:00:00.000","343.75488","0","439.16403","0","21.436386","0","21.251545","0"
"2025-06-25 15:00:00.000","379.01883","0","431.76324","0","21.499128","0","21.333626","0"
"2025-06-25 18:00:00.000","331.09155","0","428.43158","0","21.693104","0","21.33363","0"
"2025-06-25 21:00:00.000","599.26385","0","431.50272","0","20.818619","0","21.46621","0"
"2025-06-26 00:00:00.000","692.9633","0","428.34003","0","19.777933","0","21.36414","0"
"2025-06-26 03:00:00.000","312.85767","0","422.29227","0","20.86156","0","21.340693","0"
"2025-06-26 06:00:00.000","350.79013","0","429.09167","0","21.30379","0","21.307238","0"
"2025-06-26 09:00:00.000","413.06534","0","433.77695","0","20.99672","0","21.258442","0"
"2025-06-26 12:00:00.000","325.35355","0","443.5748","0","21.395868","0","21.229324","0"
"2025-06-26 15:00:00.000","366.91946","0","433.19485","0","21.41035","0","21.211224","0"
"2025-06-26 18:00:00.000","383.75192","0","429.11633","0","21.383787","0","21.27206","0"
"2025-06-26 21:00:00.000","559.8255","0","431.3938","0","20.715868","0","21.369486","0"
"2025-06-27 00:00:00.000","658.2696","0","428.40482","0","19.85224","0","21.319656","0"
"2025-06-27 03:00:00.000","426.61392","0","429.8027","0","20.20621","0","21.285337","0"
"2025-06-27 06:00:00.000","389.52707","0","428.8645","0","20.59827","0","21.228283","0"
"2025-06-27 09:00:00.000","560.5451","0","431.33243","0","20.007065","0","21.211739","0"
"2025-06-27 12:00:00.000","389.8183","0","442.1972","0","20.358265","0","21.20398","0"
"2025-06-27 15:00:00.000","380.25204","0","432.33398","0","20.650171","0","21.226555","0"
"2025-06-27 18:00:00.000","432.52963","0","423.92535","0","20.59414","0","21.267057","0"
"2025-06-27 21:00:00.000","537.56335","0","426.9812","0","20.463284","0","21.444487","0"
"2025-06-28 00:00:00.000","667.7656","0","428.25662","0","19.641544","0","21.434658","0"
"2025-06-28 03:00:00.000","308.63977","0","424.46005","0","20.782238","0","21.362238","0"
"2025-06-28 06:00:00.000","296.09207","0","437.3229","0","21.6662","0","21.33759","0"
"2025-06-28 09:00:00.000","416.54755","0","496.7779","0","21.480333","0","21.300861","0"
"2025-06-28 12:00:00.000","496.84595","0","467.4372","0","20.949661","0","21.289654","0"
"2025-06-28 15:00:00.000","406.81128","0","441.17847","0","20.911018","0","21.260517","0"
"2025-06-28 18:00:00.000","417.0024","0","426.73102","0","21.314297","0","21.682747","0"
"2025-06-28 21:00:00.000","402.12527","0","418.6377","0","21.204304","0","21.521708","0"
"2025-06-29 00:00:00.000","732.9103","0","415.7836","0","19.625523","0","21.133959","0"
"2025-06-29 03:00:00.000","621.0306","0","419.74643","0","19.206202","0","21.328453","0"
"2025-06-29 06:00:00.000","488.16342","0","429.01688","0","19.360678","0","21.178968","0"
"2025-06-29 09:00:00.000","517.26324","0","454.02692","0","19.300512","0","21.080156","0"
"2025-06-29 12:00:00.000","583.3523","0","466.17206","0","18.84707","0","21.028454","0"
"2025-06-29 15:00:00.000","528.8847","0","453.23563","0","19.33379","0","21.37759","0"
"2025-06-29 18:00:00.000","426.53036","0","436.3688","0","19.931019","0","21.414827","0"
"2025-06-29 21:00:00.000","345.6696","0","426.2619","0","20.662415","0","21.31518","0"
"2025-06-30 00:00:00.000","682.2237","0","422.9947","0","19.73518","0","21.240181","0"
"2025-06-30 03:00:00.000","687.106","0","427.37286","0","19.395525","0","21.431211","0"
"2025-06-30 06:00:00.000","459.2338","0","446.23676","0","19.822416","0","21.365515","0"
"2025-06-30 09:00:00.000","326.95135","0","457.75226","0","20.697767","0","21.190702","0"
"2025-06-30 12:00:00.000","554.85583","0","504.32132","0","20.051903","0","21.107237","0"
"2025-06-30 15:00:00.000","304.46945","0","470.65015","0","21.341377","0","21.37173","0"
"2025-06-30 18:00:00.000","290.5688","0","431.7912","0","22.317062","0","21.493793","0"
"2025-06-30 21:00:00.000","276.63202","0","430.6937","0","22.998285","0","21.481379","0"
"2025-07-01 00:00:00.000","605.9231","0","423.03018","0","20.74259","0","20.547937","0"
"2025-07-01 03:00:00.000","679.82104","0","423.99554","0","20.24966","0","21.142769","0"
"2025-07-01 06:00:00.000","488.19333","0","433.3172","0","20.095871","0","21.08276","0"
"2025-07-01 09:00:00.000","434.71912","0","442.54004","0","20.176895","0","20.953625","0"
"2025-07-01 12:00:00.000","552.2603","0","454.48364","0","19.79052","0","20.890682","0"
"2025-07-01 15:00:00.000","678.97766","0","430.34204","0","19.605175","0","21.322767","0"
"2025-07-01 18:00:00.000","223.12016","0","428.3929","0","21.55516","0","21.12431","0"
"2025-07-01 21:00:00.000","292.48947","0","423.3415","0","22.183613","0","21.066547","0"
"2025-07-02 00:00:00.000","627.25714","0","420.1046","0","20.702759","0","20.884151","0"
"2025-07-02 03:00:00.000","611.78265","0","426.1897","0","20.461203","0","21.371904","0"
"2025-07-02 06:00:00.000","555.5438","0","426.8299","0","19.854826","0","21.100327","0"
"2025-07-02 09:00:00.000","545.6156","0","439.28104","0","19.592058","0","21.009312","0"
"2025-07-02 12:00:00.000","464.5617","0","459.9734","0","19.734997","0","20.987932","0"
"2025-07-02 15:00:00.000","654.5104","0","438.51654","0","19.529827","0","21.251564","0"
"2025-07-02 18:00:00.000","178.73846","0","419.64774","0","22.19104","0","21.332422","0"
"2025-07-02 21:00:00.000","167.82071","0","417.29526","0","24.073278","0","21.284315","0"
"2025-07-03 00:00:00.000","395.6933","0","417.87924","0","22.964653","0","20.936878","0"
"2025-07-03 03:00:00.000","654.9256","0","420.6921","0","21.632421","0","21.070341","0"
"2025-07-03 06:00:00.000","670.8598","0","424.61502","0","20.587763","0","20.988436","0"
"2025-07-03 09:00:00.000","514.9477","0","433.56808","0","20.261211","0","20.951899","0"
"2025-07-03 12:00:00.000","452.06503","0","441.30392","0","20.23862","0","20.944313","0"
"2025-07-03 15:00:00.000","599.8703","0","424.66562","0","19.89292","0","20.955177","0"
"2025-07-03 18:00:00.000","702.902","0","419.10287","0","19.58121","0","21.039143","0"
"2025-07-03 21:00:00.000","260.29672","0","419.16397","0","21.430693","0","21.15844","0"
"2025-07-04 00:00:00.000","388.9771","0","417.1032","0","21.77447","0","21.09224","0"
"2025-07-04 03:00:00.000","664.3694","0","420.3848","0","20.88535","0","21.146368","0"
"2025-07-04 06:00:00.000","549.3104","0","424.1519","0","20.532751","0","21.03328","0"
"2025-07-04 09:00:00.000","538.8072","0","463.06287","0","20.273798","0","20.92914","0"
"2025-07-04 12:00:00.000","480.71622","0","446.26447","0","19.98448","0","20.861368","0"
"2025-07-04 15:00:00.000","325.281","0","441.51358","0","20.919125","0","21.070862","0"
"2025-07-04 18:00:00.000","552.16516","0","421.0174","0","20.853977","0","21.216211","0"
"2025-07-04 21:00:00.000","475.58075","0","414.23965","0","21.077589","0","21.203957","0"
"2025-07-05 00:00:00.000","459.9921","0","415.0987","0","21.246046","0","21.1431","0"
"2025-07-05 03:00:00.000","576.4562","0","420.33658","0","20.815166","0","21.138445","0"
"2025-07-05 06:00:00.000","508.5112","0","424.99075","0","20.779823","0","21.061552","0"
"2025-07-05 09:00:00.000","527.8502","0","462.08368","0","20.535519","0","20.945173","0"
"2025-07-05 12:00:00.000","366.36435","0","445.8694","0","20.816044","0","20.891376","0"
"2025-07-05 15:00:00.000","249.06572","0","431.54492","0","22.084835","0","21.097597","0"
"2025-07-05 18:00:00.000","476.49377","0","420.78995","0","21.911886","0","21.257765","0"
"2025-07-05 21:00:00.000","401.79483","0","415.95712","0","21.866741","0","21.050867","0"
"2025-07-06 00:00:00.000","401.9555","0","418.01392","0","22.27035","0","21.18327","0"
"2025-07-06 03:00:00.000","428.06033","0","421.2879","0","22.2557","0","21.2326","0"
"2025-07-06 06:00:00.000","447.36017","0","428.735","0","21.904125","0","21.086906","0"
"2025-07-06 09:00:00.000","358.8489","0","427.43738","0","21.986889","0","20.989647","0"
"2025-07-06 12:00:00.000","397.17914","0","455.1767","0","21.778793","0","20.968782","0"
"2025-07-06 15:00:00.000","277.80658","0","438.99533","0","22.561369","0","21.135513","0"
"2025-07-06 18:00:00.000","401.59378","0","418.63528","0","22.487938","0","21.223104","0"
"2025-07-06 21:00:00.000","352.27032","0","417.77557","0","22.638971","0","21.198093","0"
"2025-07-07 00:00:00.000","338.10608","0","418.45825","0","22.906704","0","21.28707","0"
"2025-07-07 03:00:00.000","299.78156","0","420.5912","0","23.330683","0","21.258284","0"
"2025-07-07 06:00:00.000","347.0592","0","435.26788","0","23.257236","0","21.128609","0"
"2025-07-07 09:00:00.000","224.17355","0","449.6793","0","23.58413","0","21.007067","0"
"2025-07-07 12:00:00.000","334.21732","0","459.45724","0","23.17346","0","20.945518","0"
"2025-07-07 15:00:00.000","283.83865","0","442.49298","0","23.536198","0","21.21069","0"
"2025-07-07 18:00:00.000","296.95728","0","433.2068","0","23.770521","0","21.26621","0"
"2025-07-07 21:00:00.000","285.44492","0","421.0465","0","23.814137","0","21.150328","0"
"2025-07-08 00:00:00.000","302.70438","0","417.2951","0","24.193966","0","21.364487","0"
"2025-07-08 03:00:00.000","270.6374","0","418.9403","0","24.474827","0","21.355001","0"
"2025-07-08 06:00:00.000","284.79498","0","428.01453","0","24.348635","0","21.257763","0"
"2025-07-08 09:00:00.000","244.80327","0","437.3671","0","24.406721","0","21.143616","0"
"2025-07-08 12:00:00.000","291.14432","0","439.25052","0","24.080675","0","21.100336","0"
"2025-07-08 15:00:00.000","309.69427","0","430.98236","0","24.167759","0","21.462074","0"
"2025-07-08 18:00:00.000","282.7976","0","424.7229","0","24.308092","0","21.459486","0"
"2025-07-08 21:00:00.000","289.84985","0","416.9417","0","24.17189","0","21.34982","0"
"2025-07-09 00:00:00.000","317.90796","0","416.91476","0","23.642773","0","21.092066","0"
"2025-07-09 03:00:00.000","287.8988","0","420.36322","0","23.808447","0","21.11777","0"
"2025-07-09 06:00:00.000","367.1983","0","424.86658","0","23.200516","0","21.04742","0"
"2025-07-09 09:00:00.000","179.0693","0","441.28622","0","23.982763","0","20.921541","0"
"2025-07-09 12:00:00.000","346.4047","0","439.95248","0","23.471224","0","20.973282","0"
"2025-07-09 15:00:00.000","288.32498","0","430.5024","0","23.393093","0","20.980001","0"
"2025-07-09 18:00:00.000","296.54276","0","427.44437","0","23.35466","0","21.023787","0"
"2025-07-09 21:00:00.000","389.57578","0","418.2986","0","22.744656","0","21.037931","0"
"2025-07-10 00:00:00.000","398.41742","0","410.3851","0","22.474659","0","21.258118","0"
"2025-07-10 03:00:00.000","378.49762","0","416.9162","0","22.36536","0","21.296553","0"
"2025-07-10 06:00:00.000","427.87674","0","421.3713","0","21.92827","0","21.2038","0"
"2025-07-10 09:00:00.000","434.22516","0","422.71375","0","21.54758","0","21.190695","0"
"2025-07-10 12:00:00.000","345.7317","0","425.30743","0","21.679827","0","21.182413","0"
"2025-07-10 15:00:00.000","364.25305","0","424.6418","0","21.750679","0","21.173443","0"
"2025-07-10 18:00:00.000","325.33972","0","424.54324","0","22.188276","0","21.343452","0"
"2025-07-10 21:00:00.000","438.82892","0","418.17932","0","21.858974","0","21.37759","0"
"2025-07-11 00:00:00.000","413.44296","0","421.19754","0","21.579481","0","21.153097","0"
"2025-07-11 03:00:00.000","290.57898","0","418.2422","0","22.12965","0","21.104147","0"
"2025-07-11 06:00:00.000","344.89896","0","428.10608","0","22.187243","0","21.085182","0"
"2025-07-11 09:00:00.000","312.71118","0","450.70007","0","22.205872","0","20.988958","0"
"2025-07-11 12:00:00.000","345.56705","0","452.7237","0","21.981033","0","20.921553","0"
"2025-07-11 15:00:00.000","305.51343","0","443.44653","0","22.523628","0","21.282578","0"
"2025-07-11 18:00:00.000","365.5152","0","425.8508","0","22.42931","0","21.32656","0"
"2025-07-11 21:00:00.000","428.41708","0","426.23117","0","21.907232","0","21.195168","0"
"2025-07-12 00:00:00.000","478.00116","0","413.9893","0","21.658627","0","21.422235","0"
"2025-07-12 03:00:00.000","461.85837","0","423.2483","0","21.545338","0","21.536722","0"
"2025-07-12 06:00:00.000","455.9414","0","427.56577","0","21.281202","0","21.44759","0"
"2025-07-12 09:00:00.000","498.8646","0","433.8035","0","20.942757","0","21.366205","0"
"2025-07-12 12:00:00.000","356.35837","0","441.2926","0","21.28516","0","21.294472","0"
"2025-07-12 15:00:00.000","386.3627","0","423.36362","0","21.616219","0","21.602764","0"
"2025-07-12 18:00:00.000","381.9131","0","418.9736","0","21.632772","0","21.49069","0"
"2025-07-12 21:00:00.000","446.03647","0","419.82303","0","21.562237","0","21.528292","0"
"2025-07-13 00:00:00.000","513.5577","0","421.7127","0","20.853096","0","21.174646","0"
"2025-07-13 03:00:00.000","526.5024","0","424.27496","0","20.502941","0","21.216545","0"
"2025-07-13 06:00:00.000","564.63696","0","432.15173","0","20.112247","0","21.134476","0"
"2025-07-13 09:00:00.000","621.37506","0","441.57416","0","19.682936","0","21.064312","0"
"2025-07-13 12:00:00.000","380.3881","0","440.32172","0","20.047243","0","21.038795","0"
"2025-07-13 15:00:00.000","333.95935","0","442.2675","0","20.62948","0","20.996546","0"
"2025-07-13 18:00:00.000","383.96918","0","426.43338","0","21.27311","0","21.334661","0"
"2025-07-13 21:00:00.000","449.12827","0","434.64624","0","21.136032","0","21.275343","0"
"2025-07-14 00:00:00.000","592.99744","0","419.19687","0","20.313274","0","21.03035","0"
"2025-07-14 03:00:00.000","459.27533","0","424.87567","0","20.770874","0","21.367245","0"
"2025-07-14 06:00:00.000","566.01013","0","427.61816","0","20.354652","0","21.309145","0"
"2025-07-14 09:00:00.000","637.777","0","429.0471","0","19.819485","0","21.205181","0"
"2025-07-14 12:00:00.000","515.6978","0","427.17868","0","19.580854","0","21.157578","0"
"2025-07-14 15:00:00.000","513.4751","0","426.6912","0","19.679308","0","21.117228","0"
"2025-07-14 18:00:00.000","439.70486","0","416.89832","0","20.164473","0","21.223454","0"
"2025-07-14 21:00:00.000","510.155","0","418.02716","0","20.24535","0","21.353968","0"
"2025-07-15 00:00:00.000","619.72","0","421.6961","0","19.613794","0","20.992594","0"
"2025-07-15 03:00:00.000","487.99768","0","421.1289","0","20.042933","0","21.275343","0"
"2025-07-15 06:00:00.000","443.94196","0","439.12692","0","20.168095","0","21.14499","0"
"2025-07-15 09:00:00.000","480.3906","0","453.48358","0","20.137753","0","21.11326","0"
"2025-07-15 12:00:00.000","673.70233","0","503.2668","0","19.578796","0","21.083273","0"
"2025-07-15 15:00:00.000","391.43933","0","456.17935","0","20.328283","0","21.279314","0"
"2025-07-15 18:00:00.000","436.93744","0","429.33478","0","20.716898","0","21.36414","0"
"2025-07-15 21:00:00.000","407.12473","0","422.7374","0","20.956017","0","21.291552","0"
