Number,Id,Datetime,Timestamp,Runtime,Type,Depth,Temperature,Heading,Roll,Pitch
1,2,2025-01-30 00:07:53,1738224473,13,p,0.2,13.5,179.8,-85.4,-2.6
2,3,2025-01-30 00:08:02,1738224482,22,p,0.2,13.5,180.1,-86.1,-2.2
3,4,2025-01-30 00:08:12,1738224492,32,p,0.2,13.5,180.1,-85.7,-2.2
4,5,2025-01-30 00:08:22,1738224502,42,p,0.2,13.5,180.1,-85.5,-2.3
5,6,2025-01-30 00:08:32,1738224512,52,p,0.2,13.5,179.5,-85.5,-2.9
6,7,2025-01-30 00:08:42,1738224522,62,p,0.21,13.4,179.7,-85.6,-2.6
7,8,2025-01-30 00:08:52,1738224532,72,p,0.2,13.4,180.9,-82.5,3.5
8,9,2025-01-30 00:09:02,1738224542,82,p,0.64,11.2,177.4,-78.9,-42.2
9,10,2025-01-30 00:09:12,1738224552,92,p,0.67,9.3,96.4,-88.6,-1
10,11,2025-01-30 00:09:22,1738224562,102,p,1.35,8.6,53.6,-88.1,-1.4
11,12,2025-01-30 00:09:32,1738224572,112,p,3.98,8.1,41.7,-88.1,-1.7
12,13,2025-01-30 00:09:42,1738224582,122,p,5.92,7.8,33.9,-106,-16.3
13,14,2025-01-30 00:09:52,1738224592,132,p,5.92,7.8,34,-105.9,-16.1
14,15,2025-01-30 00:10:02,1738224602,142,p,5.92,7.8,34,-105.9,-16.1
15,16,2025-01-30 00:10:12,1738224612,152,p,5.92,7.8,34,-105.9,-16.1
16,17,2025-01-30 00:10:22,1738224622,162,p,5.92,7.8,34,-105.9,-16.1
17,18,2025-01-30 00:10:32,1738224632,172,p,5.92,7.8,34,-105.9,-16.1
18,19,2025-01-30 00:10:42,1738224642,182,p,5.92,7.8,34,-105.9,-16.1
19,20,2025-01-30 00:10:52,1738224652,192,p,5.92,7.8,34,-105.9,-16.1
20,21,2025-01-30 00:11:02,1738224662,202,p,5.92,7.9,34,-105.9,-16.1
21,22,2025-01-30 00:11:12,1738224672,212,p,5.92,7.9,34,-105.9,-16.1
22,23,2025-01-30 00:11:22,1738224682,222,p,5.92,7.9,34,-105.9,-16.1
23,24,2025-01-30 00:11:31,1738224691,231,p,5.92,7.9,34,-105.9,-16.1
24,25,2025-01-30 00:11:41,1738224701,241,p,5.92,7.9,34,-105.9,-16.1
25,26,2025-01-30 00:11:51,1738224711,251,p,5.92,7.9,34,-105.9,-16.1
26,27,2025-01-30 00:12:01,1738224721,261,p,5.92,7.9,34,-105.9,-16.1
27,28,2025-01-30 00:12:11,1738224731,271,p,5.92,7.9,34,-105.9,-16.1
28,29,2025-01-30 00:12:21,1738224741,281,p,5.93,7.9,34,-105.9,-16.1
29,30,2025-01-30 00:12:31,1738224751,291,p,5.93,7.9,34,-105.9,-16.1
30,31,2025-01-30 00:12:41,1738224761,301,p,5.92,7.8,34,-105.9,-16.1
31,32,2025-01-30 00:12:51,1738224771,311,p,5.92,7.8,34,-105.9,-16.1
32,33,2025-01-30 00:13:01,1738224781,321,p,5.92,7.8,34,-105.9,-16.1
33,34,2025-01-30 00:13:11,1738224791,331,p,5.93,7.8,34,-105.9,-16.1
34,35,2025-01-30 00:13:21,1738224801,341,p,5.93,7.8,34,-105.9,-16.1
35,36,2025-01-30 00:13:31,1738224811,351,p,5.93,7.8,34,-105.9,-16.1
36,37,2025-01-30 00:13:41,1738224821,361,p,5.92,7.8,34,-105.9,-16.1
37,38,2025-01-30 00:13:51,1738224831,371,p,5.93,7.8,34,-105.9,-16.1
38,39,2025-01-30 00:14:01,1738224841,381,p,5.93,7.7,34,-105.9,-16.1
39,40,2025-01-30 00:14:11,1738224851,391,p,5.93,7.7,34,-105.9,-16.1
40,41,2025-01-30 00:14:21,1738224861,401,p,5.93,7.6,34,-105.9,-16.1
41,42,2025-01-30 00:14:31,1738224871,411,p,5.93,7.7,34,-105.9,-16.1
42,43,2025-01-30 00:14:41,1738224881,421,p,5.92,7.7,34,-105.9,-16.1
43,44,2025-01-30 00:14:51,1738224891,431,p,5.92,7.7,34,-105.9,-16.1
44,45,2025-01-30 00:15:01,1738224901,441,p,5.92,7.6,34,-105.9,-16.1
45,46,2025-01-30 00:15:10,1738224910,450,p,5.93,7.6,34,-105.9,-16.1
46,47,2025-01-30 00:15:20,1738224920,460,p,5.92,7.6,34,-105.9,-16.1
47,48,2025-01-30 00:15:30,1738224930,470,p,5.93,7.6,34,-105.9,-16.1
48,49,2025-01-30 00:15:40,1738224940,480,p,5.92,7.6,34,-105.9,-16.1
49,50,2025-01-30 00:15:50,1738224950,490,p,5.93,7.6,34,-105.9,-16.1
50,51,2025-01-30 00:16:00,1738224960,500,p,5.93,7.6,34,-105.9,-16.1
51,52,2025-01-30 00:16:10,1738224970,510,p,5.92,7.6,34,-105.9,-16.1
52,53,2025-01-30 00:16:20,1738224980,520,p,5.93,7.6,34,-105.9,-16.1
53,54,2025-01-30 00:16:30,1738224990,530,p,5.92,7.6,34,-105.9,-16.1
54,55,2025-01-30 00:16:40,1738225000,540,p,5.92,7.6,34,-105.9,-16.1
55,56,2025-01-30 00:16:50,1738225010,550,p,5.92,7.6,34,-105.9,-16.1
56,57,2025-01-30 00:17:00,1738225020,560,p,5.92,7.6,34,-105.9,-16.1
57,58,2025-01-30 00:17:10,1738225030,570,p,5.92,7.6,34,-105.9,-16.1
58,59,2025-01-30 00:17:20,1738225040,580,p,5.92,7.6,34,-105.9,-16.1
59,60,2025-01-30 00:17:30,1738225050,590,p,5.92,7.6,34,-105.9,-16.1
60,61,2025-01-30 00:17:40,1738225060,600,p,5.92,7.6,34,-105.9,-16.1
61,62,2025-01-30 00:17:50,1738225070,610,p,5.92,7.7,34,-105.9,-16.1
62,63,2025-01-30 00:18:00,1738225080,620,p,5.93,7.7,34,-105.9,-16.1
63,64,2025-01-30 00:18:10,1738225090,630,p,5.93,7.7,34,-105.9,-16.1
64,65,2025-01-30 00:18:20,1738225100,640,p,5.93,7.7,34,-105.9,-16.1
65,66,2025-01-30 00:18:30,1738225110,650,p,5.93,7.7,34,-105.9,-16.1
66,67,2025-01-30 00:18:39,1738225119,659,p,5.93,7.7,34,-105.9,-16.1
67,68,2025-01-30 00:18:49,1738225129,669,p,5.93,7.7,34,-105.9,-16.1
68,69,2025-01-30 00:18:59,1738225139,679,p,5.93,7.7,34,-105.9,-16.1
69,70,2025-01-30 00:19:09,1738225149,689,p,5.93,7.7,34,-105.9,-16.1
70,71,2025-01-30 00:19:19,1738225159,699,p,5.93,7.7,34,-105.9,-16.1
71,72,2025-01-30 00:19:29,1738225169,709,p,5.93,7.7,34,-105.9,-16.1
72,73,2025-01-30 00:19:39,1738225179,719,p,5.93,7.7,34,-105.9,-16.1
73,74,2025-01-30 00:19:49,1738225189,729,p,5.93,7.7,34,-105.9,-16.1
74,75,2025-01-30 00:19:59,1738225199,739,p,5.94,7.7,34,-105.9,-16.1
75,76,2025-01-30 00:20:09,1738225209,749,p,5.94,7.7,34,-105.9,-16.1
76,77,2025-01-30 00:20:19,1738225219,759,p,5.93,7.7,34,-105.9,-16.1
77,78,2025-01-30 00:20:29,1738225229,769,p,5.93,7.7,34,-105.9,-16.1
78,79,2025-01-30 00:20:39,1738225239,779,p,5.94,7.7,34,-105.9,-16
79,80,2025-01-30 00:20:49,1738225249,789,p,5.93,7.6,34,-105.9,-16
80,81,2025-01-30 00:20:59,1738225259,799,p,5.93,7.6,34,-105.9,-16
81,82,2025-01-30 00:21:09,1738225269,809,p,5.93,7.7,34,-105.9,-16
82,83,2025-01-30 00:21:19,1738225279,819,p,5.93,7.6,34,-105.9,-16
83,84,2025-01-30 00:21:29,1738225289,829,p,5.93,7.6,34,-105.9,-16
84,85,2025-01-30 00:21:39,1738225299,839,p,5.93,7.6,34,-105.9,-16
85,86,2025-01-30 00:21:49,1738225309,849,p,5.93,7.6,34,-105.9,-16
86,87,2025-01-30 00:21:59,1738225319,859,p,5.93,7.6,34,-105.9,-16
87,88,2025-01-30 00:22:08,1738225328,868,p,5.93,7.6,34,-105.9,-16
88,89,2025-01-30 00:22:18,1738225338,878,p,5.92,7.6,34,-105.9,-16
89,90,2025-01-30 00:22:28,1738225348,888,p,5.93,7.6,34,-105.9,-16
90,91,2025-01-30 00:22:38,1738225358,898,p,5.93,7.6,34,-105.9,-16
91,92,2025-01-30 00:22:48,1738225368,908,p,5.93,7.6,34,-105.9,-16
92,93,2025-01-30 00:22:58,1738225378,918,p,5.93,7.6,34,-105.9,-16
93,94,2025-01-30 00:23:08,1738225388,928,p,5.93,7.6,34,-105.9,-16
94,95,2025-01-30 00:23:18,1738225398,938,p,5.93,7.5,34,-105.9,-16
95,96,2025-01-30 00:23:28,1738225408,948,p,5.92,7.5,34,-105.9,-16
96,97,2025-01-30 00:23:38,1738225418,958,p,5.93,7.5,34,-105.9,-16
97,98,2025-01-30 00:23:48,1738225428,968,p,5.93,7.5,34,-105.9,-16
98,99,2025-01-30 00:23:58,1738225438,978,p,5.93,7.5,34,-105.9,-16
99,100,2025-01-30 00:24:08,1738225448,988,p,5.93,7.5,34,-105.9,-16
100,101,2025-01-30 00:24:18,1738225458,998,p,5.93,7.6,34,-105.9,-16
101,102,2025-01-30 00:24:28,1738225468,1008,p,5.94,7.5,34,-105.9,-16
102,103,2025-01-30 00:24:38,1738225478,1018,p,5.93,7.5,34,-105.9,-16
103,104,2025-01-30 00:24:48,1738225488,1028,p,5.93,7.5,34,-105.9,-16
104,105,2025-01-30 00:24:58,1738225498,1038,p,5.93,7.5,34,-105.9,-16
105,106,2025-01-30 00:25:08,1738225508,1048,p,5.93,7.5,34,-105.9,-16
106,107,2025-01-30 00:25:18,1738225518,1058,p,5.93,7.5,34,-105.9,-16
107,108,2025-01-30 00:25:28,1738225528,1068,p,5.93,7.5,34,-105.9,-16
108,109,2025-01-30 00:25:38,1738225538,1078,p,5.93,7.5,34,-105.9,-16
109,110,2025-01-30 00:25:47,1738225547,1087,p,5.93,7.5,34,-105.9,-16
110,111,2025-01-30 00:25:57,1738225557,1097,p,5.93,7.5,34,-105.9,-16
111,112,2025-01-30 00:26:07,1738225567,1107,p,5.93,7.5,34,-105.9,-16
112,113,2025-01-30 00:26:17,1738225577,1117,p,5.93,7.5,34,-105.9,-16
113,114,2025-01-30 00:26:27,1738225587,1127,p,5.93,7.5,34,-105.9,-16
114,115,2025-01-30 00:26:37,1738225597,1137,p,5.93,7.5,34,-105.9,-16
115,116,2025-01-30 00:26:47,1738225607,1147,p,5.93,7.5,34,-105.9,-16
116,117,2025-01-30 00:26:57,1738225617,1157,p,5.93,7.5,34,-105.9,-16
117,118,2025-01-30 00:27:07,1738225627,1167,p,5.93,7.5,34,-105.9,-16
118,119,2025-01-30 00:27:17,1738225637,1177,p,5.93,7.5,34,-105.9,-16
119,120,2025-01-30 00:27:27,1738225647,1187,p,5.93,7.5,34,-105.9,-16
120,121,2025-01-30 00:27:37,1738225657,1197,p,5.93,7.5,34,-105.9,-16
121,122,2025-01-30 00:27:47,1738225667,1207,p,5.94,7.5,34,-105.9,-16
122,123,2025-01-30 00:27:57,1738225677,1217,p,5.93,7.5,34,-105.9,-16
123,124,2025-01-30 00:28:07,1738225687,1227,p,5.94,7.5,34,-105.9,-16
124,125,2025-01-30 00:28:17,1738225697,1237,p,5.93,7.5,34,-105.9,-16
125,126,2025-01-30 00:28:27,1738225707,1247,p,5.94,7.5,34,-105.9,-16
126,127,2025-01-30 00:28:37,1738225717,1257,p,5.94,7.5,34,-105.9,-16
127,128,2025-01-30 00:28:47,1738225727,1267,p,5.94,7.5,34,-105.9,-16
128,129,2025-01-30 00:28:57,1738225737,1277,p,5.94,7.5,34,-105.9,-16
129,130,2025-01-30 00:29:07,1738225747,1287,p,5.94,7.5,34,-105.9,-16
130,131,2025-01-30 00:29:17,1738225757,1297,p,5.94,7.5,34,-105.9,-16
131,132,2025-01-30 00:29:26,1738225766,1306,p,5.95,7.5,34,-105.9,-16
132,133,2025-01-30 00:29:36,1738225776,1316,p,5.95,7.5,34,-105.9,-16
133,134,2025-01-30 00:29:46,1738225786,1326,p,5.94,7.5,34,-105.9,-16
134,135,2025-01-30 00:29:56,1738225796,1336,p,5.95,7.5,34,-105.9,-16
135,136,2025-01-30 00:30:06,1738225806,1346,p,5.95,7.5,34,-105.9,-16
136,137,2025-01-30 00:30:16,1738225816,1356,p,5.95,7.5,34,-105.9,-16
137,138,2025-01-30 00:30:26,1738225826,1366,p,5.94,7.5,34,-105.9,-16
138,139,2025-01-30 00:30:36,1738225836,1376,p,5.95,7.5,34,-105.9,-16
139,140,2025-01-30 00:30:46,1738225846,1386,p,5.94,7.5,34,-105.9,-16
140,141,2025-01-30 00:30:56,1738225856,1396,p,5.94,7.5,34,-105.9,-16
141,142,2025-01-30 00:31:06,1738225866,1406,p,5.94,7.5,34,-105.9,-16
142,143,2025-01-30 00:31:16,1738225876,1416,p,5.94,7.5,34,-105.9,-16
143,144,2025-01-30 00:31:26,1738225886,1426,p,5.95,7.5,34,-105.9,-16
144,145,2025-01-30 00:31:36,1738225896,1436,p,5.94,7.5,34,-105.9,-16
145,146,2025-01-30 00:31:46,1738225906,1446,p,5.94,7.5,34,-105.9,-16
146,147,2025-01-30 00:31:56,1738225916,1456,p,5.95,7.5,34,-105.9,-16
147,148,2025-01-30 00:32:06,1738225926,1466,p,5.95,7.5,34,-105.9,-16
148,149,2025-01-30 00:32:16,1738225936,1476,p,5.95,7.5,34,-105.9,-16
149,150,2025-01-30 00:32:26,1738225946,1486,p,5.94,7.5,34,-105.9,-16
150,151,2025-01-30 00:32:36,1738225956,1496,p,5.94,7.5,34,-105.9,-16
151,152,2025-01-30 00:32:46,1738225966,1506,p,5.94,7.5,34,-105.9,-16
152,153,2025-01-30 00:32:56,1738225976,1516,p,5.94,7.5,34,-105.9,-16
153,154,2025-01-30 00:33:06,1738225986,1526,p,5.94,7.5,34,-105.9,-16
154,155,2025-01-30 00:33:15,1738225995,1535,p,5.94,7.5,34,-105.9,-16
155,156,2025-01-30 00:33:25,1738226005,1545,p,5.93,7.5,34,-105.9,-16
156,157,2025-01-30 00:33:35,1738226015,1555,p,5.94,7.5,34,-105.9,-16
157,158,2025-01-30 00:33:45,1738226025,1565,p,5.93,7.5,34,-105.9,-16
158,159,2025-01-30 00:33:55,1738226035,1575,p,5.93,7.5,34,-105.9,-16
159,160,2025-01-30 00:34:05,1738226045,1585,p,5.93,7.5,34,-105.9,-16
160,161,2025-01-30 00:34:15,1738226055,1595,p,5.93,7.5,34,-105.9,-16
161,162,2025-01-30 00:34:25,1738226065,1605,p,5.93,7.5,34,-105.9,-16
162,163,2025-01-30 00:34:35,1738226075,1615,p,5.92,7.5,34,-105.9,-16
163,164,2025-01-30 00:34:45,1738226085,1625,p,5.92,7.5,34,-105.9,-16
164,165,2025-01-30 00:34:55,1738226095,1635,p,5.91,7.5,34,-105.9,-16
165,166,2025-01-30 00:35:05,1738226105,1645,p,5.91,7.5,34,-105.9,-16
166,167,2025-01-30 00:35:15,1738226115,1655,p,5.91,7.5,34,-105.9,-16
167,168,2025-01-30 00:35:25,1738226125,1665,p,5.91,7.5,34,-105.9,-16
168,169,2025-01-30 00:35:35,1738226135,1675,p,5.9,7.5,34,-105.9,-16
169,170,2025-01-30 00:35:45,1738226145,1685,p,5.9,7.5,34,-105.9,-16
170,171,2025-01-30 00:35:55,1738226155,1695,p,5.89,7.5,34,-105.9,-16
171,172,2025-01-30 00:36:05,1738226165,1705,p,5.89,7.4,34,-105.9,-16
172,173,2025-01-30 00:36:15,1738226175,1715,p,5.9,7.4,34,-105.9,-16
173,174,2025-01-30 00:36:25,1738226185,1725,p,5.89,7.4,34,-105.9,-16
174,175,2025-01-30 00:36:35,1738226195,1735,p,5.89,7.4,34,-105.9,-16
175,176,2025-01-30 00:36:45,1738226205,1745,p,5.89,7.4,34,-105.9,-16
176,177,2025-01-30 00:36:54,1738226214,1754,p,5.89,7.4,34,-105.9,-16
177,178,2025-01-30 00:37:04,1738226224,1764,p,5.89,7.4,34,-105.9,-16
178,179,2025-01-30 00:37:14,1738226234,1774,p,5.88,7.4,34,-105.9,-16
179,180,2025-01-30 00:37:24,1738226244,1784,p,5.88,7.4,34,-105.9,-16
180,181,2025-01-30 00:37:34,1738226254,1794,p,5.89,7.4,34,-105.9,-16
181,182,2025-01-30 00:37:44,1738226264,1804,p,5.89,7.4,34,-105.9,-16
182,183,2025-01-30 00:37:54,1738226274,1814,p,5.89,7.4,34,-105.9,-16
183,184,2025-01-30 00:38:04,1738226284,1824,p,5.89,7.4,34,-105.9,-16
184,185,2025-01-30 00:38:14,1738226294,1834,p,5.89,7.4,34,-105.9,-16
185,186,2025-01-30 00:38:24,1738226304,1844,p,5.89,7.4,34,-105.9,-16
186,187,2025-01-30 00:38:34,1738226314,1854,p,5.89,7.4,34,-105.9,-16
187,188,2025-01-30 00:38:44,1738226324,1864,p,5.9,7.4,34,-105.9,-16
188,189,2025-01-30 00:38:54,1738226334,1874,p,5.9,7.4,34,-105.9,-16
189,190,2025-01-30 00:39:04,1738226344,1884,p,5.9,7.4,34,-105.9,-16
190,191,2025-01-30 00:39:14,1738226354,1894,p,5.9,7.4,34,-105.9,-16
191,192,2025-01-30 00:39:24,1738226364,1904,p,5.9,7.4,34,-105.9,-16
192,193,2025-01-30 00:39:34,1738226374,1914,p,5.9,7.4,34,-105.9,-16
193,194,2025-01-30 00:39:44,1738226384,1924,p,5.91,7.4,34,-105.9,-16
194,195,2025-01-30 00:39:54,1738226394,1934,p,5.91,7.4,34,-105.9,-16
195,196,2025-01-30 00:40:04,1738226404,1944,p,5.92,7.4,34,-105.9,-16
196,197,2025-01-30 00:40:14,1738226414,1954,p,5.92,7.4,34,-105.9,-16
197,198,2025-01-30 00:40:24,1738226424,1964,p,5.92,7.4,34,-105.9,-16
198,199,2025-01-30 00:40:33,1738226433,1973,p,5.93,7.4,34,-105.9,-16
199,200,2025-01-30 00:40:43,1738226443,1983,p,5.93,7.4,34,-105.9,-16
200,201,2025-01-30 00:40:53,1738226453,1993,p,5.93,7.4,34,-105.9,-16
201,202,2025-01-30 00:41:03,1738226463,2003,p,5.92,7.4,34,-105.9,-16
202,203,2025-01-30 00:41:13,1738226473,2013,p,5.93,7.4,34,-105.9,-16
203,204,2025-01-30 00:41:23,1738226483,2023,p,5.93,7.4,34,-105.9,-16
204,205,2025-01-30 00:41:33,1738226493,2033,p,5.93,7.4,34,-105.9,-16
205,206,2025-01-30 00:41:43,1738226503,2043,p,5.93,7.4,34,-105.9,-16
206,207,2025-01-30 00:41:53,1738226513,2053,p,5.92,7.4,34,-105.9,-16
207,208,2025-01-30 00:42:03,1738226523,2063,p,5.92,7.4,34,-105.9,-16
208,209,2025-01-30 00:42:13,1738226533,2073,p,5.92,7.4,34,-105.9,-16
209,210,2025-01-30 00:42:23,1738226543,2083,p,5.92,7.4,34,-105.9,-16
210,211,2025-01-30 00:42:33,1738226553,2093,p,5.92,7.4,34,-105.9,-16
211,212,2025-01-30 00:42:43,1738226563,2103,p,5.91,7.4,34,-105.9,-16
212,213,2025-01-30 00:42:53,1738226573,2113,p,5.92,7.4,34,-105.9,-16
213,214,2025-01-30 00:43:03,1738226583,2123,p,5.91,7.4,34,-105.9,-16
214,215,2025-01-30 00:43:13,1738226593,2133,p,5.91,7.4,34,-105.9,-16
215,216,2025-01-30 00:43:23,1738226603,2143,p,5.91,7.4,34,-105.9,-16
216,217,2025-01-30 00:43:33,1738226613,2153,p,5.9,7.4,34,-105.9,-16
217,218,2025-01-30 00:43:43,1738226623,2163,p,5.9,7.4,34,-105.9,-16
218,219,2025-01-30 00:43:53,1738226633,2173,p,5.9,7.4,34,-105.9,-16
219,220,2025-01-30 00:44:03,1738226643,2183,p,5.9,7.4,34,-105.9,-16
220,221,2025-01-30 00:44:12,1738226652,2192,p,5.9,7.4,34,-105.9,-16
221,222,2025-01-30 00:44:22,1738226662,2202,p,5.9,7.4,34,-105.9,-16
222,223,2025-01-30 00:44:32,1738226672,2212,p,5.9,7.4,34,-105.9,-16
223,224,2025-01-30 00:44:42,1738226682,2222,p,5.9,7.4,34,-105.9,-16
224,225,2025-01-30 00:44:52,1738226692,2232,p,5.9,7.4,34,-105.9,-16
225,226,2025-01-30 00:45:02,1738226702,2242,p,5.9,7.4,34,-105.9,-16
226,227,2025-01-30 00:45:12,1738226712,2252,p,5.9,7.4,34,-105.9,-16
227,228,2025-01-30 00:45:22,1738226722,2262,p,5.9,7.4,34,-105.9,-16
228,229,2025-01-30 00:45:32,1738226732,2272,p,5.89,7.4,34,-105.9,-16
229,230,2025-01-30 00:45:42,1738226742,2282,p,5.9,7.4,34,-105.9,-16
230,231,2025-01-30 00:45:52,1738226752,2292,p,5.9,7.4,34,-105.9,-16
231,232,2025-01-30 00:46:02,1738226762,2302,p,5.89,7.4,34,-105.9,-16
232,233,2025-01-30 00:46:12,1738226772,2312,p,5.9,7.4,34,-105.9,-16
233,234,2025-01-30 00:46:22,1738226782,2322,p,5.89,7.4,34,-105.9,-16
234,235,2025-01-30 00:46:32,1738226792,2332,p,5.9,7.4,34,-105.9,-16
235,236,2025-01-30 00:46:42,1738226802,2342,p,5.89,7.4,34,-105.9,-16
236,237,2025-01-30 00:46:52,1738226812,2352,p,5.9,7.4,34,-105.9,-16
237,238,2025-01-30 00:47:02,1738226822,2362,p,5.89,7.4,34,-105.9,-16
238,239,2025-01-30 00:47:12,1738226832,2372,p,5.89,7.4,34,-105.9,-16
239,240,2025-01-30 00:47:22,1738226842,2382,p,5.89,7.4,34,-105.9,-16
240,241,2025-01-30 00:47:32,1738226852,2392,p,5.89,7.4,34,-105.9,-16
241,242,2025-01-30 00:47:41,1738226861,2401,p,5.89,7.4,34,-105.9,-16
242,243,2025-01-30 00:47:51,1738226871,2411,p,5.89,7.4,34,-105.9,-16
243,244,2025-01-30 00:48:01,1738226881,2421,p,5.88,7.4,34,-105.9,-16
244,245,2025-01-30 00:48:11,1738226891,2431,p,5.88,7.4,34,-105.9,-16
245,246,2025-01-30 00:48:21,1738226901,2441,p,5.87,7.4,34,-105.9,-16
246,247,2025-01-30 00:48:31,1738226911,2451,p,5.88,7.4,34,-105.9,-16
247,248,2025-01-30 00:48:41,1738226921,2461,p,5.87,7.4,34,-105.9,-16
248,249,2025-01-30 00:48:51,1738226931,2471,p,5.86,7.4,34,-105.9,-16
249,250,2025-01-30 00:49:01,1738226941,2481,p,5.87,7.4,34,-105.9,-16
250,251,2025-01-30 00:49:11,1738226951,2491,p,5.87,7.4,34,-105.9,-16
251,252,2025-01-30 00:49:21,1738226961,2501,p,5.87,7.4,34,-105.9,-16
252,253,2025-01-30 00:49:31,1738226971,2511,p,5.87,7.4,34,-105.9,-16
253,254,2025-01-30 00:49:41,1738226981,2521,p,5.86,7.4,34,-105.9,-16
254,255,2025-01-30 00:49:51,1738226991,2531,p,5.86,7.4,34,-105.9,-16
255,256,2025-01-30 00:50:01,1738227001,2541,p,5.86,7.4,34,-105.9,-16
256,257,2025-01-30 00:50:11,1738227011,2551,p,5.86,7.4,34,-105.9,-16
257,258,2025-01-30 00:50:21,1738227021,2561,p,5.86,7.4,34,-105.9,-16
258,259,2025-01-30 00:50:31,1738227031,2571,p,5.86,7.4,34,-105.9,-16
259,260,2025-01-30 00:50:41,1738227041,2581,p,5.86,7.4,34,-105.9,-16
260,261,2025-01-30 00:50:51,1738227051,2591,p,5.86,7.4,34,-105.9,-16
261,262,2025-01-30 00:51:01,1738227061,2601,p,5.86,7.4,34,-105.9,-16
262,263,2025-01-30 00:51:10,1738227070,2610,p,5.86,7.4,34,-105.9,-16
263,264,2025-01-30 00:51:20,1738227080,2620,p,5.85,7.4,34,-105.9,-16
264,265,2025-01-30 00:51:30,1738227090,2630,p,5.87,7.4,34,-105.9,-16
265,266,2025-01-30 00:51:40,1738227100,2640,p,5.86,7.4,34,-105.9,-16
266,267,2025-01-30 00:51:50,1738227110,2650,p,5.86,7.4,34,-105.9,-16
267,268,2025-01-30 00:52:00,1738227120,2660,p,5.86,7.4,34,-105.9,-16
268,269,2025-01-30 00:52:10,1738227130,2670,p,5.87,7.4,34,-105.9,-16
269,270,2025-01-30 00:52:20,1738227140,2680,p,5.86,7.4,34,-105.9,-16
270,271,2025-01-30 00:52:30,1738227150,2690,p,5.86,7.4,34,-105.9,-16
271,272,2025-01-30 00:52:40,1738227160,2700,p,5.87,7.4,34,-105.9,-16
272,273,2025-01-30 00:52:50,1738227170,2710,p,5.86,7.4,34,-105.9,-16
273,274,2025-01-30 00:53:00,1738227180,2720,p,5.87,7.4,34,-105.9,-16
274,275,2025-01-30 00:53:10,1738227190,2730,p,5.87,7.4,34,-105.9,-16
275,276,2025-01-30 00:53:20,1738227200,2740,p,5.87,7.4,34,-105.9,-16
276,277,2025-01-30 00:53:30,1738227210,2750,p,5.87,7.4,34,-105.9,-15.9
277,278,2025-01-30 00:53:40,1738227220,2760,p,5.87,7.4,34,-105.9,-15.9
278,279,2025-01-30 00:53:50,1738227230,2770,p,5.87,7.4,34,-105.9,-15.9
279,280,2025-01-30 00:54:00,1738227240,2780,p,5.87,7.4,34,-105.9,-15.9
280,281,2025-01-30 00:54:10,1738227250,2790,p,5.87,7.4,34,-105.9,-15.9
281,282,2025-01-30 00:54:20,1738227260,2800,p,5.87,7.4,34,-105.9,-15.9
282,283,2025-01-30 00:54:30,1738227270,2810,p,5.88,7.4,34,-105.9,-15.9
283,284,2025-01-30 00:54:40,1738227280,2820,p,5.88,7.4,34,-105.9,-15.9
284,285,2025-01-30 00:54:49,1738227289,2829,p,5.88,7.4,34,-105.9,-15.9
285,286,2025-01-30 00:54:59,1738227299,2839,p,5.88,7.4,34,-105.9,-15.9
286,287,2025-01-30 00:55:09,1738227309,2849,p,5.88,7.4,34,-105.9,-15.9
287,288,2025-01-30 00:55:19,1738227319,2859,p,5.88,7.4,34,-105.9,-15.9
288,289,2025-01-30 00:55:29,1738227329,2869,p,5.88,7.4,34,-105.9,-15.9
289,290,2025-01-30 00:55:39,1738227339,2879,p,5.88,7.4,34,-105.9,-15.9
290,291,2025-01-30 00:55:49,1738227349,2889,p,5.87,7.4,34,-105.9,-15.9
291,292,2025-01-30 00:55:59,1738227359,2899,p,5.87,7.4,34,-105.9,-15.9
292,293,2025-01-30 00:56:09,1738227369,2909,p,5.88,7.4,34,-105.9,-15.9
293,294,2025-01-30 00:56:19,1738227379,2919,p,5.87,7.4,34,-105.9,-15.9
294,295,2025-01-30 00:56:29,1738227389,2929,p,5.87,7.4,34,-105.9,-15.9
295,296,2025-01-30 00:56:39,1738227399,2939,p,5.87,7.4,34,-105.9,-15.9
296,297,2025-01-30 00:56:49,1738227409,2949,p,5.87,7.4,34,-105.9,-15.9
297,298,2025-01-30 00:56:59,1738227419,2959,p,5.87,7.4,34,-105.9,-15.9
298,299,2025-01-30 00:57:09,1738227429,2969,p,5.87,7.4,34,-105.9,-15.9
299,300,2025-01-30 00:57:19,1738227439,2979,p,5.86,7.4,34,-105.9,-15.9
300,301,2025-01-30 00:57:29,1738227449,2989,p,5.86,7.4,34,-105.9,-15.9
301,302,2025-01-30 00:57:39,1738227459,2999,p,5.86,7.4,34,-105.9,-15.9
302,303,2025-01-30 00:57:49,1738227469,3009,p,5.86,7.4,34,-105.9,-15.9
303,304,2025-01-30 00:57:59,1738227479,3019,p,5.86,7.4,34,-105.9,-15.9
304,305,2025-01-30 00:58:09,1738227489,3029,p,5.86,7.4,34,-105.9,-15.9
305,306,2025-01-30 00:58:18,1738227498,3038,p,5.86,7.4,34,-105.9,-15.9
306,307,2025-01-30 00:58:28,1738227508,3048,p,5.86,7.4,34,-105.9,-15.9
307,308,2025-01-30 00:58:38,1738227518,3058,p,5.86,7.4,34,-105.9,-15.9
308,309,2025-01-30 00:58:48,1738227528,3068,p,5.86,7.4,34,-105.9,-15.9
309,310,2025-01-30 00:58:58,1738227538,3078,p,5.86,7.4,34,-105.9,-15.9
310,311,2025-01-30 00:59:08,1738227548,3088,p,5.86,7.4,34,-105.9,-15.9
311,312,2025-01-30 00:59:18,1738227558,3098,p,5.86,7.4,34,-105.9,-15.9
312,313,2025-01-30 00:59:28,1738227568,3108,p,5.86,7.4,34,-105.9,-15.9
313,314,2025-01-30 00:59:38,1738227578,3118,p,5.85,7.4,34,-105.9,-15.9
314,315,2025-01-30 00:59:48,1738227588,3128,p,5.86,7.4,34,-105.9,-15.9
315,316,2025-01-30 00:59:58,1738227598,3138,p,5.85,7.4,34,-105.9,-15.9
316,317,2025-01-30 01:00:08,1738227608,3148,p,5.85,7.4,34,-105.9,-15.9
317,318,2025-01-30 01:00:18,1738227618,3158,p,5.86,7.4,34,-105.9,-15.9
318,319,2025-01-30 01:00:28,1738227628,3168,p,5.85,7.4,34,-105.9,-15.9
319,320,2025-01-30 01:00:38,1738227638,3178,p,5.85,7.4,34,-105.9,-15.9
320,321,2025-01-30 01:00:48,1738227648,3188,p,5.84,7.4,34,-105.9,-15.9
321,322,2025-01-30 01:00:58,1738227658,3198,p,5.84,7.4,34,-105.9,-15.9
322,323,2025-01-30 01:01:08,1738227668,3208,p,5.84,7.4,34,-105.9,-15.9
323,324,2025-01-30 01:01:18,1738227678,3218,p,5.83,7.4,34,-105.9,-15.9
324,325,2025-01-30 01:01:28,1738227688,3228,p,5.83,7.4,34,-105.9,-15.9
325,326,2025-01-30 01:01:38,1738227698,3238,p,5.82,7.4,34,-105.9,-15.9
326,327,2025-01-30 01:01:48,1738227708,3248,p,5.82,7.4,34,-105.9,-15.9
327,328,2025-01-30 01:01:57,1738227717,3257,p,5.82,7.4,34,-105.9,-15.9
328,329,2025-01-30 01:02:07,1738227727,3267,p,5.81,7.3,34,-105.9,-15.9
329,330,2025-01-30 01:02:17,1738227737,3277,p,5.81,7.3,34,-105.9,-15.9
330,331,2025-01-30 01:02:27,1738227747,3287,p,5.81,7.3,34,-105.9,-15.9
331,332,2025-01-30 01:02:37,1738227757,3297,p,5.81,7.3,34,-105.9,-15.9
332,333,2025-01-30 01:02:47,1738227767,3307,p,5.8,7.3,34,-105.9,-15.9
333,334,2025-01-30 01:02:57,1738227777,3317,p,5.8,7.4,34,-105.9,-15.9
334,335,2025-01-30 01:03:07,1738227787,3327,p,5.81,7.4,34,-105.9,-15.9
335,336,2025-01-30 01:03:17,1738227797,3337,p,5.8,7.4,34,-105.9,-15.9
336,337,2025-01-30 01:03:27,1738227807,3347,p,5.81,7.4,34,-105.9,-15.9
337,338,2025-01-30 01:03:37,1738227817,3357,p,5.81,7.4,34,-105.9,-15.9
338,339,2025-01-30 01:03:47,1738227827,3367,p,5.81,7.4,34,-105.9,-15.9
339,340,2025-01-30 01:03:57,1738227837,3377,p,5.82,7.4,34,-105.9,-15.9
340,341,2025-01-30 01:04:07,1738227847,3387,p,5.81,7.4,34,-105.9,-15.9
341,342,2025-01-30 01:04:17,1738227857,3397,p,5.81,7.4,34,-105.9,-15.9
342,343,2025-01-30 01:04:27,1738227867,3407,p,5.82,7.4,34,-105.9,-16
343,344,2025-01-30 01:04:37,1738227877,3417,p,5.82,7.4,34,-105.9,-16
344,345,2025-01-30 01:04:47,1738227887,3427,p,5.82,7.4,34,-105.9,-16
345,346,2025-01-30 01:04:57,1738227897,3437,p,5.82,7.4,34,-105.9,-16
346,347,2025-01-30 01:05:07,1738227907,3447,p,5.83,7.4,34,-105.9,-16
347,348,2025-01-30 01:05:17,1738227917,3457,p,5.83,7.4,34,-105.9,-16
348,349,2025-01-30 01:05:27,1738227927,3467,p,5.84,7.4,34,-105.9,-16
349,350,2025-01-30 01:05:36,1738227936,3476,p,5.84,7.4,34,-105.9,-16
350,351,2025-01-30 01:05:46,1738227946,3486,p,5.84,7.4,34,-105.9,-16
351,352,2025-01-30 01:05:56,1738227956,3496,p,5.85,7.4,34,-105.9,-16
352,353,2025-01-30 01:06:06,1738227966,3506,p,5.85,7.4,34,-105.9,-16
353,354,2025-01-30 01:06:16,1738227976,3516,p,5.85,7.4,34,-105.9,-16
354,355,2025-01-30 01:06:26,1738227986,3526,p,5.84,7.4,34,-105.9,-16
355,356,2025-01-30 01:06:36,1738227996,3536,p,5.84,7.4,34,-105.9,-16
356,357,2025-01-30 01:06:46,1738228006,3546,p,5.84,7.4,34,-105.9,-16
357,358,2025-01-30 01:06:56,1738228016,3556,p,5.85,7.4,34,-105.9,-16
358,359,2025-01-30 01:07:06,1738228026,3566,p,5.85,7.4,34,-105.9,-16
359,360,2025-01-30 01:07:16,1738228036,3576,p,5.84,7.4,34,-105.9,-16
360,361,2025-01-30 01:07:26,1738228046,3586,p,5.85,7.4,34,-105.9,-16
361,362,2025-01-30 01:07:36,1738228056,3596,p,5.84,7.4,34,-105.9,-16
362,363,2025-01-30 01:07:46,1738228066,3606,p,5.83,7.4,34,-105.9,-16
363,364,2025-01-30 01:07:56,1738228076,3616,p,5.83,7.4,34,-105.9,-16
364,365,2025-01-30 01:08:06,1738228086,3626,p,5.83,7.4,34,-105.9,-16
365,366,2025-01-30 01:08:16,1738228096,3636,p,5.83,7.4,34,-105.9,-16
366,367,2025-01-30 01:08:26,1738228106,3646,p,5.82,7.4,34,-105.9,-16
367,368,2025-01-30 01:08:36,1738228116,3656,p,5.82,7.4,34,-105.9,-16
368,369,2025-01-30 01:08:46,1738228126,3666,p,5.82,7.4,34,-105.9,-16
369,370,2025-01-30 01:08:56,1738228136,3676,p,5.81,7.4,34,-105.9,-16
370,371,2025-01-30 01:09:06,1738228146,3686,p,5.81,7.4,34,-105.9,-16
371,372,2025-01-30 01:09:15,1738228155,3695,p,5.81,7.4,34,-105.9,-16
372,373,2025-01-30 01:09:25,1738228165,3705,p,5.81,7.4,34,-105.9,-16
373,374,2025-01-30 01:09:35,1738228175,3715,p,5.8,7.4,34,-105.9,-16
374,375,2025-01-30 01:09:45,1738228185,3725,p,5.8,7.4,34,-105.9,-16
375,376,2025-01-30 01:09:55,1738228195,3735,p,5.8,7.4,34,-105.9,-16
376,377,2025-01-30 01:10:05,1738228205,3745,p,5.8,7.4,34,-105.9,-16
377,378,2025-01-30 01:10:15,1738228215,3755,p,5.8,7.4,34,-105.9,-16
378,379,2025-01-30 01:10:25,1738228225,3765,p,5.79,7.4,34,-105.9,-16
379,380,2025-01-30 01:10:35,1738228235,3775,p,5.79,7.4,34,-105.9,-16
380,381,2025-01-30 01:10:45,1738228245,3785,p,5.8,7.4,34,-105.9,-16
381,382,2025-01-30 01:10:55,1738228255,3795,p,5.8,7.4,34,-105.9,-16
382,383,2025-01-30 01:11:05,1738228265,3805,p,5.8,7.4,34,-105.9,-16
383,384,2025-01-30 01:11:15,1738228275,3815,p,5.79,7.4,34,-105.9,-16
384,385,2025-01-30 01:11:25,1738228285,3825,p,5.8,7.4,34,-105.9,-16
385,386,2025-01-30 01:11:35,1738228295,3835,p,5.81,7.4,34,-105.9,-16
386,387,2025-01-30 01:11:45,1738228305,3845,p,5.81,7.4,34,-105.9,-16
387,388,2025-01-30 01:11:55,1738228315,3855,p,5.8,7.4,34,-105.9,-16
388,389,2025-01-30 01:12:05,1738228325,3865,p,5.81,7.4,34,-105.9,-16
389,390,2025-01-30 01:12:15,1738228335,3875,p,5.81,7.4,34,-105.9,-16
390,391,2025-01-30 01:12:25,1738228345,3885,p,5.81,7.4,34,-105.9,-16
391,392,2025-01-30 01:12:35,1738228355,3895,p,5.82,7.4,34,-105.9,-16
392,393,2025-01-30 01:12:45,1738228365,3905,p,5.81,7.4,34,-105.9,-16
393,394,2025-01-30 01:12:54,1738228374,3914,p,5.82,7.4,34,-105.9,-16
394,395,2025-01-30 01:13:04,1738228384,3924,p,5.83,7.4,34,-105.9,-16
395,396,2025-01-30 01:13:14,1738228394,3934,p,5.83,7.4,34,-105.9,-16
396,397,2025-01-30 01:13:24,1738228404,3944,p,5.83,7.4,34,-105.9,-16
397,398,2025-01-30 01:13:34,1738228414,3954,p,5.82,7.4,34,-105.9,-16
398,399,2025-01-30 01:13:44,1738228424,3964,p,5.82,7.4,34,-105.9,-16
399,400,2025-01-30 01:13:54,1738228434,3974,p,5.82,7.4,34,-105.9,-16
400,401,2025-01-30 01:14:04,1738228444,3984,p,5.83,7.4,34,-105.9,-16
401,402,2025-01-30 01:14:14,1738228454,3994,p,5.82,7.4,34,-105.9,-16
402,403,2025-01-30 01:14:24,1738228464,4004,p,5.82,7.4,34,-105.9,-16
403,404,2025-01-30 01:14:34,1738228474,4014,p,5.82,7.4,34,-105.9,-16
404,405,2025-01-30 01:14:44,1738228484,4024,p,5.82,7.4,34,-105.9,-16
405,406,2025-01-30 01:14:54,1738228494,4034,p,5.82,7.4,34,-105.9,-16
406,407,2025-01-30 01:15:04,1738228504,4044,p,5.81,7.4,34,-105.9,-16
407,408,2025-01-30 01:15:14,1738228514,4054,p,5.81,7.4,34,-105.9,-16
408,409,2025-01-30 01:15:24,1738228524,4064,p,5.81,7.4,34,-105.9,-16
409,410,2025-01-30 01:15:34,1738228534,4074,p,5.8,7.4,34,-105.9,-16
410,411,2025-01-30 01:15:44,1738228544,4084,p,5.81,7.4,34,-105.9,-16
411,412,2025-01-30 01:15:54,1738228554,4094,p,5.8,7.4,34,-105.9,-16
412,413,2025-01-30 01:16:04,1738228564,4104,p,5.8,7.4,34,-105.9,-16
413,414,2025-01-30 01:16:14,1738228574,4114,p,5.79,7.4,34,-105.9,-16
414,415,2025-01-30 01:16:24,1738228584,4124,p,5.8,7.4,34,-105.9,-16
415,416,2025-01-30 01:16:33,1738228593,4133,p,5.8,7.4,34,-105.9,-16
416,417,2025-01-30 01:16:43,1738228603,4143,p,5.79,7.4,34,-105.9,-16
417,418,2025-01-30 01:16:53,1738228613,4153,p,5.79,7.4,34,-105.9,-16
418,419,2025-01-30 01:17:03,1738228623,4163,p,5.8,7.4,34,-105.9,-16
419,420,2025-01-30 01:17:13,1738228633,4173,p,5.79,7.4,34,-105.9,-16
420,421,2025-01-30 01:17:23,1738228643,4183,p,5.79,7.4,34,-105.9,-16
421,422,2025-01-30 01:17:33,1738228653,4193,p,5.79,7.4,34,-105.9,-16
422,423,2025-01-30 01:17:43,1738228663,4203,p,5.79,7.4,34,-105.9,-16
423,424,2025-01-30 01:17:53,1738228673,4213,p,5.78,7.4,34,-105.9,-16
424,425,2025-01-30 01:18:03,1738228683,4223,p,5.78,7.4,34,-105.9,-16
425,426,2025-01-30 01:18:13,1738228693,4233,p,5.78,7.4,34,-105.9,-16
426,427,2025-01-30 01:18:23,1738228703,4243,p,5.78,7.4,34,-105.9,-16
427,428,2025-01-30 01:18:33,1738228713,4253,p,5.77,7.4,34,-105.9,-16
428,429,2025-01-30 01:18:43,1738228723,4263,p,5.77,7.4,34,-105.9,-16
429,430,2025-01-30 01:18:53,1738228733,4273,p,5.77,7.4,34,-105.9,-16
430,431,2025-01-30 01:19:03,1738228743,4283,p,5.77,7.4,34,-105.9,-16
431,432,2025-01-30 01:19:13,1738228753,4293,p,5.77,7.4,34,-105.9,-16
432,433,2025-01-30 01:19:23,1738228763,4303,p,5.76,7.4,34,-105.9,-16
433,434,2025-01-30 01:19:33,1738228773,4313,p,5.76,7.4,34,-105.9,-16
434,435,2025-01-30 01:19:43,1738228783,4323,p,5.76,7.4,34,-105.9,-16
435,436,2025-01-30 01:19:53,1738228793,4333,p,5.76,7.4,34,-105.9,-16
436,437,2025-01-30 01:20:03,1738228803,4343,p,5.76,7.4,34,-105.9,-16
437,438,2025-01-30 01:20:12,1738228812,4352,p,5.76,7.4,34,-105.9,-16
438,439,2025-01-30 01:20:22,1738228822,4362,p,5.76,7.4,34,-105.9,-16
439,440,2025-01-30 01:20:32,1738228832,4372,p,5.76,7.4,34,-105.9,-16
440,441,2025-01-30 01:20:42,1738228842,4382,p,5.76,7.4,34,-105.9,-16
441,442,2025-01-30 01:20:52,1738228852,4392,p,5.75,7.4,34,-105.9,-16
442,443,2025-01-30 01:21:02,1738228862,4402,p,5.76,7.4,34,-105.9,-16
443,444,2025-01-30 01:21:12,1738228872,4412,p,5.76,7.4,34,-105.9,-16
444,445,2025-01-30 01:21:22,1738228882,4422,p,5.77,7.4,34,-105.9,-16
445,446,2025-01-30 01:21:32,1738228892,4432,p,5.77,7.4,34,-105.9,-16
446,447,2025-01-30 01:21:42,1738228902,4442,p,5.77,7.4,34,-105.9,-16
447,448,2025-01-30 01:21:52,1738228912,4452,p,5.78,7.4,34,-105.9,-16
448,449,2025-01-30 01:22:02,1738228922,4462,p,5.77,7.4,34,-105.9,-16
449,450,2025-01-30 01:22:12,1738228932,4472,p,5.78,7.4,34,-105.9,-16
450,451,2025-01-30 01:22:22,1738228942,4482,p,5.78,7.4,34,-105.9,-16
451,452,2025-01-30 01:22:32,1738228952,4492,p,5.79,7.4,34,-105.9,-16
452,453,2025-01-30 01:22:42,1738228962,4502,p,5.8,7.4,34,-105.9,-16
453,454,2025-01-30 01:22:52,1738228972,4512,p,5.8,7.4,34,-105.9,-16
454,455,2025-01-30 01:23:02,1738228982,4522,p,5.8,7.4,34,-105.9,-16
455,456,2025-01-30 01:23:12,1738228992,4532,p,5.8,7.4,34,-105.9,-16
456,457,2025-01-30 01:23:22,1738229002,4542,p,5.81,7.4,34,-105.9,-16
457,458,2025-01-30 01:23:32,1738229012,4552,p,5.82,7.4,34,-105.9,-16
458,459,2025-01-30 01:23:41,1738229021,4561,p,5.82,7.4,34,-105.9,-16
459,460,2025-01-30 01:23:51,1738229031,4571,p,5.82,7.4,34,-105.9,-16
460,461,2025-01-30 01:24:01,1738229041,4581,p,5.83,7.4,34,-105.9,-16
461,462,2025-01-30 01:24:11,1738229051,4591,p,5.82,7.4,34,-105.9,-16
462,463,2025-01-30 01:24:21,1738229061,4601,p,5.83,7.4,34,-105.9,-16
463,464,2025-01-30 01:24:31,1738229071,4611,p,5.83,7.4,34,-105.9,-16
464,465,2025-01-30 01:24:41,1738229081,4621,p,5.82,7.4,34,-105.9,-16
465,466,2025-01-30 01:24:51,1738229091,4631,p,5.82,7.4,34,-105.9,-16
466,467,2025-01-30 01:25:01,1738229101,4641,p,5.82,7.3,34,-105.9,-16
467,468,2025-01-30 01:25:11,1738229111,4651,p,5.82,7.3,34,-105.9,-16
468,469,2025-01-30 01:25:21,1738229121,4661,p,5.83,7.3,34,-105.9,-16
469,470,2025-01-30 01:25:31,1738229131,4671,p,5.82,7.3,34,-105.9,-16
470,471,2025-01-30 01:25:41,1738229141,4681,p,5.82,7.4,34,-105.9,-16
471,472,2025-01-30 01:25:51,1738229151,4691,p,5.82,7.3,34,-105.9,-16
472,473,2025-01-30 01:26:01,1738229161,4701,p,5.8,7.3,34,-105.9,-16
473,474,2025-01-30 01:26:11,1738229171,4711,p,5.79,7.4,34,-105.9,-16
474,475,2025-01-30 01:26:21,1738229181,4721,p,5.79,7.4,34,-105.9,-16
475,476,2025-01-30 01:26:31,1738229191,4731,p,5.78,7.4,34,-105.9,-16
476,477,2025-01-30 01:26:41,1738229201,4741,p,5.78,7.4,34,-105.9,-16
477,478,2025-01-30 01:26:51,1738229211,4751,p,5.78,7.4,34,-105.9,-16
478,479,2025-01-30 01:27:01,1738229221,4761,p,5.77,7.4,34,-105.9,-16
479,480,2025-01-30 01:27:11,1738229231,4771,p,5.76,7.4,34,-105.9,-16
480,481,2025-01-30 01:27:20,1738229240,4780,p,5.76,7.4,34,-105.9,-16
481,482,2025-01-30 01:27:30,1738229250,4790,p,5.75,7.4,34,-105.9,-16
482,483,2025-01-30 01:27:40,1738229260,4800,p,5.75,7.4,34,-105.9,-16
483,484,2025-01-30 01:27:50,1738229270,4810,p,5.74,7.4,34,-105.9,-16
484,485,2025-01-30 01:28:00,1738229280,4820,p,5.74,7.4,34,-105.9,-16
485,486,2025-01-30 01:28:10,1738229290,4830,p,5.74,7.4,34,-105.9,-16
486,487,2025-01-30 01:28:20,1738229300,4840,p,5.74,7.4,34,-105.9,-16
487,488,2025-01-30 01:28:30,1738229310,4850,p,5.73,7.4,34,-105.9,-16
488,489,2025-01-30 01:28:40,1738229320,4860,p,5.73,7.4,34,-105.9,-16
489,490,2025-01-30 01:28:50,1738229330,4870,p,5.73,7.4,34,-105.9,-16
490,491,2025-01-30 01:29:00,1738229340,4880,p,5.74,7.4,34,-105.9,-16
491,492,2025-01-30 01:29:10,1738229350,4890,p,5.73,7.4,34,-105.9,-16
492,493,2025-01-30 01:29:20,1738229360,4900,p,5.74,7.4,34,-105.9,-16
493,494,2025-01-30 01:29:30,1738229370,4910,p,5.74,7.4,34,-105.9,-16
494,495,2025-01-30 01:29:40,1738229380,4920,p,5.74,7.4,34,-105.9,-16
495,496,2025-01-30 01:29:50,1738229390,4930,p,5.75,7.4,34,-105.9,-16
496,497,2025-01-30 01:30:00,1738229400,4940,p,5.75,7.4,34,-105.9,-16
497,498,2025-01-30 01:30:10,1738229410,4950,p,5.76,7.4,34,-105.9,-16
498,499,2025-01-30 01:30:20,1738229420,4960,p,5.76,7.4,34,-105.9,-16
499,500,2025-01-30 01:30:30,1738229430,4970,p,5.76,7.4,34,-105.9,-16
500,501,2025-01-30 01:30:40,1738229440,4980,p,5.77,7.4,34,-105.9,-16
501,502,2025-01-30 01:30:49,1738229449,4989,p,5.77,7.4,34,-105.9,-16
502,503,2025-01-30 01:30:59,1738229459,4999,p,5.77,7.4,34,-105.9,-16
503,504,2025-01-30 01:31:09,1738229469,5009,p,5.77,7.4,34,-105.9,-16
504,505,2025-01-30 01:31:19,1738229479,5019,p,5.78,7.4,34,-105.9,-16
505,506,2025-01-30 01:31:29,1738229489,5029,p,5.78,7.4,34,-105.9,-16
506,507,2025-01-30 01:31:39,1738229499,5039,p,5.78,7.4,34,-105.9,-16
507,508,2025-01-30 01:31:49,1738229509,5049,p,5.78,7.4,34,-105.9,-16
508,509,2025-01-30 01:31:59,1738229519,5059,p,5.78,7.4,34,-105.9,-16
509,510,2025-01-30 01:32:09,1738229529,5069,p,5.78,7.4,34,-105.9,-16
510,511,2025-01-30 01:32:19,1738229539,5079,p,5.78,7.4,34,-105.9,-16
511,512,2025-01-30 01:32:29,1738229549,5089,p,5.78,7.4,34,-105.9,-16
512,513,2025-01-30 01:32:39,1738229559,5099,p,5.78,7.4,34,-105.9,-16
513,514,2025-01-30 01:32:49,1738229569,5109,p,5.77,7.4,34,-105.9,-16
514,515,2025-01-30 01:32:59,1738229579,5119,p,5.77,7.4,34,-105.9,-16
515,516,2025-01-30 01:33:09,1738229589,5129,p,5.77,7.4,34,-105.9,-16
516,517,2025-01-30 01:33:19,1738229599,5139,p,5.76,7.4,34,-105.9,-16
517,518,2025-01-30 01:33:29,1738229609,5149,p,5.76,7.4,34,-105.9,-16
518,519,2025-01-30 01:33:39,1738229619,5159,p,5.76,7.4,34,-105.9,-16
519,520,2025-01-30 01:33:49,1738229629,5169,p,5.76,7.4,34,-105.9,-16
520,521,2025-01-30 01:33:59,1738229639,5179,p,5.75,7.4,34,-105.9,-16
521,522,2025-01-30 01:34:09,1738229649,5189,p,5.75,7.4,34,-105.9,-16
522,523,2025-01-30 01:34:19,1738229659,5199,p,5.75,7.4,34,-105.9,-16
523,524,2025-01-30 01:34:28,1738229668,5208,p,5.75,7.4,34,-105.9,-16
524,525,2025-01-30 01:34:38,1738229678,5218,p,5.75,7.4,34,-105.9,-16
525,526,2025-01-30 01:34:48,1738229688,5228,p,5.75,7.3,34,-105.9,-16
526,527,2025-01-30 01:34:58,1738229698,5238,p,5.75,7.3,34,-105.9,-16
527,528,2025-01-30 01:35:08,1738229708,5248,p,5.75,7.3,34,-105.9,-16
528,529,2025-01-30 01:35:18,1738229718,5258,p,5.75,7.3,34,-105.9,-16
529,530,2025-01-30 01:35:28,1738229728,5268,p,5.75,7.4,34,-105.9,-16
530,531,2025-01-30 01:35:38,1738229738,5278,p,5.75,7.4,34,-105.9,-16
531,532,2025-01-30 01:35:48,1738229748,5288,p,5.75,7.4,34,-105.9,-16
532,533,2025-01-30 01:35:58,1738229758,5298,p,5.76,7.4,34,-105.9,-16
533,534,2025-01-30 01:36:08,1738229768,5308,p,5.77,7.4,34,-105.9,-16
534,535,2025-01-30 01:36:18,1738229778,5318,p,5.77,7.4,34,-105.9,-16
535,536,2025-01-30 01:36:28,1738229788,5328,p,5.77,7.4,34,-105.9,-16
536,537,2025-01-30 01:36:38,1738229798,5338,p,5.78,7.4,34,-105.9,-16
537,538,2025-01-30 01:36:48,1738229808,5348,p,5.78,7.4,34,-105.9,-16
538,539,2025-01-30 01:36:58,1738229818,5358,p,5.78,7.4,34,-105.9,-16
539,540,2025-01-30 01:37:08,1738229828,5368,p,5.79,7.4,34,-105.9,-16
540,541,2025-01-30 01:37:18,1738229838,5378,p,5.79,7.4,34,-106,-16.1
541,542,2025-01-30 01:37:28,1738229848,5388,p,5.79,7.4,34,-106,-16.1
542,543,2025-01-30 01:37:38,1738229858,5398,p,5.79,7.4,34,-106,-16.1
543,544,2025-01-30 01:37:48,1738229868,5408,p,5.79,7.4,34,-106,-16.1
544,545,2025-01-30 01:37:57,1738229877,5417,p,5.79,7.4,34,-106,-16.1
545,546,2025-01-30 01:38:07,1738229887,5427,p,5.78,7.4,34,-106,-16.1
546,547,2025-01-30 01:38:17,1738229897,5437,p,5.79,7.4,34,-106,-16.1
547,548,2025-01-30 01:38:27,1738229907,5447,p,5.78,7.4,34,-106,-16.1
548,549,2025-01-30 01:38:37,1738229917,5457,p,5.78,7.4,34,-106,-16.1
549,550,2025-01-30 01:38:47,1738229927,5467,p,5.78,7.4,34,-106,-16.1
550,551,2025-01-30 01:38:57,1738229937,5477,p,5.77,7.4,34,-106,-16.1
551,552,2025-01-30 01:39:07,1738229947,5487,p,5.77,7.4,34,-106,-16.1
552,553,2025-01-30 01:39:17,1738229957,5497,p,5.76,7.3,34,-106,-16.1
553,554,2025-01-30 01:39:27,1738229967,5507,p,5.75,7.4,34,-106,-16.1
554,555,2025-01-30 01:39:37,1738229977,5517,p,5.76,7.4,34,-106,-16.1
555,556,2025-01-30 01:39:47,1738229987,5527,p,5.74,7.4,34,-106,-16.1
556,557,2025-01-30 01:39:57,1738229997,5537,p,5.74,7.4,34,-106,-16.1
557,558,2025-01-30 01:40:07,1738230007,5547,p,5.73,7.4,34,-106,-16.1
558,559,2025-01-30 01:40:17,1738230017,5557,p,5.72,7.4,34,-106,-16.1
559,560,2025-01-30 01:40:27,1738230027,5567,p,5.72,7.4,34,-106,-16.1
560,561,2025-01-30 01:40:37,1738230037,5577,p,5.72,7.4,34,-106,-16.1
561,562,2025-01-30 01:40:47,1738230047,5587,p,5.72,7.3,34,-106,-16.1
562,563,2025-01-30 01:40:57,1738230057,5597,p,5.71,7.3,34,-106,-16.1
563,564,2025-01-30 01:41:07,1738230067,5607,p,5.71,7.4,34,-106,-16.1
564,565,2025-01-30 01:41:17,1738230077,5617,p,5.7,7.3,34,-106,-16.1
565,566,2025-01-30 01:41:27,1738230087,5627,p,5.71,7.3,34,-106,-16.1
566,567,2025-01-30 01:41:36,1738230096,5636,p,5.7,7.3,34,-106,-16.1
567,568,2025-01-30 01:41:46,1738230106,5646,p,5.69,7.3,34,-106,-16.1
568,569,2025-01-30 01:41:56,1738230116,5656,p,5.7,7.4,34,-106,-16.1
569,570,2025-01-30 01:42:06,1738230126,5666,p,5.7,7.4,34,-106,-16.1
570,571,2025-01-30 01:42:16,1738230136,5676,p,5.7,7.4,34,-106,-16.1
571,572,2025-01-30 01:42:26,1738230146,5686,p,5.7,7.4,34,-106,-16.1
572,573,2025-01-30 01:42:36,1738230156,5696,p,5.7,7.4,34,-106,-16.1
573,574,2025-01-30 01:42:46,1738230166,5706,p,5.7,7.4,34,-106,-16.1
574,575,2025-01-30 01:42:56,1738230176,5716,p,5.7,7.4,34,-106,-16.1
575,576,2025-01-30 01:43:06,1738230186,5726,p,5.7,7.4,34,-106,-16.1
576,577,2025-01-30 01:43:16,1738230196,5736,p,5.72,7.4,34,-106,-16.1
577,578,2025-01-30 01:43:26,1738230206,5746,p,5.72,7.4,34,-106,-16.1
578,579,2025-01-30 01:43:36,1738230216,5756,p,5.72,7.4,34,-106,-16.1
579,580,2025-01-30 01:43:46,1738230226,5766,p,5.72,7.4,34,-106,-16.1
580,581,2025-01-30 01:43:56,1738230236,5776,p,5.73,7.4,34,-106,-16.1
581,582,2025-01-30 01:44:06,1738230246,5786,p,5.73,7.4,34,-106,-16.1
582,583,2025-01-30 01:44:16,1738230256,5796,p,5.73,7.4,34,-106,-16.1
583,584,2025-01-30 01:44:26,1738230266,5806,p,5.74,7.4,34,-106,-16.1
584,585,2025-01-30 01:44:36,1738230276,5816,p,5.74,7.4,34,-106,-16.1
585,586,2025-01-30 01:44:46,1738230286,5826,p,5.74,7.4,34,-106,-16.1
586,587,2025-01-30 01:44:56,1738230296,5836,p,5.75,7.4,34,-106,-16.1
587,588,2025-01-30 01:45:06,1738230306,5846,p,5.75,7.4,34,-106,-16.1
588,589,2025-01-30 01:45:15,1738230315,5855,p,5.75,7.4,34,-106,-16.1
589,590,2025-01-30 01:45:25,1738230325,5865,p,5.75,7.4,34,-106,-16.1
590,591,2025-01-30 01:45:35,1738230335,5875,p,5.75,7.4,34,-106,-16.1
591,592,2025-01-30 01:45:45,1738230345,5885,p,5.77,7.4,34,-106,-16.1
592,593,2025-01-30 01:45:55,1738230355,5895,p,5.76,7.4,34,-106,-16.1
593,594,2025-01-30 01:46:05,1738230365,5905,p,5.76,7.4,34,-106,-16.1
594,595,2025-01-30 01:46:15,1738230375,5915,p,5.77,7.4,34,-106,-16.1
595,596,2025-01-30 01:46:25,1738230385,5925,p,5.77,7.4,34,-106,-16.1
596,597,2025-01-30 01:46:35,1738230395,5935,p,5.76,7.4,34,-106,-16.1
597,598,2025-01-30 01:46:45,1738230405,5945,p,5.77,7.4,34,-106,-16.1
598,599,2025-01-30 01:46:55,1738230415,5955,p,5.76,7.4,34,-106,-16.1
599,600,2025-01-30 01:47:05,1738230425,5965,p,5.76,7.4,34,-106,-16.1
600,601,2025-01-30 01:47:15,1738230435,5975,p,5.77,7.4,34,-106,-16.1
601,602,2025-01-30 01:47:25,1738230445,5985,p,5.76,7.4,34,-106,-16.1
602,603,2025-01-30 01:47:35,1738230455,5995,p,5.77,7.4,34,-106,-16.1
603,604,2025-01-30 01:47:45,1738230465,6005,p,5.76,7.4,34,-106,-16.1
604,605,2025-01-30 01:47:55,1738230475,6015,p,5.76,7.4,34,-106,-16.1
605,606,2025-01-30 01:48:05,1738230485,6025,p,5.76,7.4,34,-106,-16.1
606,607,2025-01-30 01:48:15,1738230495,6035,p,5.76,7.4,33.9,-106,-16.1
607,608,2025-01-30 01:48:25,1738230505,6045,p,5.76,7.4,33.9,-106,-16.1
608,609,2025-01-30 01:48:35,1738230515,6055,p,5.76,7.4,33.9,-106,-16.1
609,610,2025-01-30 01:48:44,1738230524,6064,p,5.76,7.4,33.9,-106,-16.1
610,611,2025-01-30 01:48:54,1738230534,6074,p,5.75,7.4,33.9,-106,-16.1
611,612,2025-01-30 01:49:04,1738230544,6084,p,5.74,7.4,33.9,-106,-16.1
612,613,2025-01-30 01:49:14,1738230554,6094,p,5.74,7.4,33.9,-106,-16.1
613,614,2025-01-30 01:49:24,1738230564,6104,p,5.74,7.4,33.9,-106,-16.1
614,615,2025-01-30 01:49:34,1738230574,6114,p,5.74,7.4,33.9,-106,-16.1
615,616,2025-01-30 01:49:44,1738230584,6124,p,5.73,7.4,33.9,-106,-16.1
616,617,2025-01-30 01:49:54,1738230594,6134,p,5.73,7.4,33.9,-106,-16.1
617,618,2025-01-30 01:50:04,1738230604,6144,p,5.74,7.4,33.9,-106,-16.1
618,619,2025-01-30 01:50:14,1738230614,6154,p,5.73,7.4,33.9,-106,-16.1
619,620,2025-01-30 01:50:24,1738230624,6164,p,5.73,7.4,33.9,-106,-16.1
620,621,2025-01-30 01:50:34,1738230634,6174,p,5.72,7.4,33.9,-106,-16.1
621,622,2025-01-30 01:50:44,1738230644,6184,p,5.71,7.4,33.9,-106,-16.1
622,623,2025-01-30 01:50:54,1738230654,6194,p,5.71,7.4,33.9,-106,-16.1
623,624,2025-01-30 01:51:04,1738230664,6204,p,5.71,7.3,33.9,-106,-16.1
624,625,2025-01-30 01:51:14,1738230674,6214,p,5.7,7.3,33.9,-106,-16.1
625,626,2025-01-30 01:51:24,1738230684,6224,p,5.7,7.3,33.9,-106,-16.1
626,627,2025-01-30 01:51:34,1738230694,6234,p,5.7,7.3,33.9,-106,-16.1
627,628,2025-01-30 01:51:44,1738230704,6244,p,5.69,7.4,33.9,-106,-16.1
628,629,2025-01-30 01:51:54,1738230714,6254,p,5.69,7.3,33.9,-106,-16.1
629,630,2025-01-30 01:52:04,1738230724,6264,p,5.69,7.3,33.9,-106,-16.1
630,631,2025-01-30 01:52:13,1738230733,6273,p,5.69,7.4,33.9,-106,-16.1
631,632,2025-01-30 01:52:23,1738230743,6283,p,5.69,7.4,33.9,-106,-16.1
632,633,2025-01-30 01:52:33,1738230753,6293,p,5.7,7.4,33.9,-106,-16.1
633,634,2025-01-30 01:52:43,1738230763,6303,p,5.69,7.3,33.9,-106,-16.1
634,635,2025-01-30 01:52:53,1738230773,6313,p,5.7,7.3,33.9,-106,-16.1
635,636,2025-01-30 01:53:03,1738230783,6323,p,5.71,7.3,33.9,-106,-16.1
636,637,2025-01-30 01:53:13,1738230793,6333,p,5.71,7.3,33.9,-106,-16.1
637,638,2025-01-30 01:53:23,1738230803,6343,p,5.71,7.3,33.9,-106,-16.1
638,639,2025-01-30 01:53:33,1738230813,6353,p,5.71,7.3,33.9,-106,-16.1
639,640,2025-01-30 01:53:43,1738230823,6363,p,5.72,7.3,33.9,-106,-16.1
640,641,2025-01-30 01:53:53,1738230833,6373,p,5.73,7.3,33.9,-106,-16.1
641,642,2025-01-30 01:54:03,1738230843,6383,p,5.73,7.3,33.9,-106,-16.1
642,643,2025-01-30 01:54:13,1738230853,6393,p,5.73,7.3,33.9,-106,-16.1
643,644,2025-01-30 01:54:23,1738230863,6403,p,5.74,7.3,33.9,-106,-16.1
644,645,2025-01-30 01:54:33,1738230873,6413,p,5.74,7.3,33.9,-106,-16.1
645,646,2025-01-30 01:54:43,1738230883,6423,p,5.75,7.3,33.9,-106,-16.1
646,647,2025-01-30 01:54:53,1738230893,6433,p,5.75,7.3,33.9,-106,-16.1
647,648,2025-01-30 01:55:03,1738230903,6443,p,5.76,7.3,33.9,-106,-16.1
648,649,2025-01-30 01:55:13,1738230913,6453,p,5.76,7.3,33.9,-106,-16.1
649,650,2025-01-30 01:55:23,1738230923,6463,p,5.77,7.3,33.9,-106,-16.1
650,651,2025-01-30 01:55:33,1738230933,6473,p,5.77,7.3,33.9,-106,-16.1
651,652,2025-01-30 01:55:43,1738230943,6483,p,5.78,7.3,33.9,-106,-16.1
652,653,2025-01-30 01:55:52,1738230952,6492,p,5.77,7.3,33.9,-106,-16.1
653,654,2025-01-30 01:56:02,1738230962,6502,p,5.77,7.3,33.9,-106,-16.1
654,655,2025-01-30 01:56:12,1738230972,6512,p,5.78,7.3,33.9,-106,-16.1
655,656,2025-01-30 01:56:22,1738230982,6522,p,5.77,7.3,33.9,-106,-16.1
656,657,2025-01-30 01:56:32,1738230992,6532,p,5.77,7.3,33.9,-106,-16.1
657,658,2025-01-30 01:56:42,1738231002,6542,p,5.76,7.3,33.9,-106,-16.1
658,659,2025-01-30 01:56:52,1738231012,6552,p,5.75,7.3,33.9,-106,-16.1
659,660,2025-01-30 01:57:02,1738231022,6562,p,5.76,7.4,33.9,-106,-16.1
660,661,2025-01-30 01:57:12,1738231032,6572,p,5.75,7.4,33.9,-106,-16.1
661,662,2025-01-30 01:57:22,1738231042,6582,p,5.74,7.3,33.9,-106,-16.1
662,663,2025-01-30 01:57:32,1738231052,6592,p,5.73,7.3,33.9,-106,-16.1
663,664,2025-01-30 01:57:42,1738231062,6602,p,5.73,7.3,33.9,-106,-16.1
664,665,2025-01-30 01:57:52,1738231072,6612,p,5.73,7.3,33.9,-106,-16.1
665,666,2025-01-30 01:58:02,1738231082,6622,p,5.72,7.3,33.9,-106,-16.1
666,667,2025-01-30 01:58:12,1738231092,6632,p,5.72,7.3,33.9,-106,-16.1
667,668,2025-01-30 01:58:22,1738231102,6642,p,5.71,7.3,33.9,-106,-16.1
668,669,2025-01-30 01:58:32,1738231112,6652,p,5.71,7.3,33.9,-106,-16.1
669,670,2025-01-30 01:58:42,1738231122,6662,p,5.7,7.3,33.9,-106,-16.1
670,671,2025-01-30 01:58:52,1738231132,6672,p,5.7,7.3,33.9,-106,-16.1
671,672,2025-01-30 01:59:02,1738231142,6682,p,5.7,7.3,33.9,-106,-16.1
672,673,2025-01-30 01:59:12,1738231152,6692,p,5.7,7.3,33.9,-106,-16.1
673,674,2025-01-30 01:59:21,1738231161,6701,p,5.69,7.4,33.9,-106,-16.1
674,675,2025-01-30 01:59:31,1738231171,6711,p,5.69,7.4,33.9,-106,-16.1
675,676,2025-01-30 01:59:41,1738231181,6721,p,5.7,7.3,33.9,-106,-16.1
676,677,2025-01-30 01:59:51,1738231191,6731,p,5.7,7.3,33.9,-106,-16.1
677,678,2025-01-30 02:00:01,1738231201,6741,p,5.7,7.3,33.9,-106,-16.1
678,679,2025-01-30 02:00:11,1738231211,6751,p,5.7,7.3,33.9,-106,-16.1
679,680,2025-01-30 02:00:21,1738231221,6761,p,5.7,7.3,33.9,-106,-16.1
680,681,2025-01-30 02:00:31,1738231231,6771,p,5.71,7.3,33.9,-106,-16.1
681,682,2025-01-30 02:00:41,1738231241,6781,p,5.72,7.3,33.9,-106,-16.1
682,683,2025-01-30 02:00:51,1738231251,6791,p,5.71,7.3,33.9,-106,-16.1
683,684,2025-01-30 02:01:01,1738231261,6801,p,5.73,7.4,33.9,-106,-16.1
684,685,2025-01-30 02:01:11,1738231271,6811,p,5.73,7.4,33.9,-106,-16.1
685,686,2025-01-30 02:01:21,1738231281,6821,p,5.74,7.3,33.9,-106,-16.1
686,687,2025-01-30 02:01:31,1738231291,6831,p,5.74,7.4,33.9,-106,-16.1
687,688,2025-01-30 02:01:41,1738231301,6841,p,5.74,7.4,33.9,-106,-16.1
688,689,2025-01-30 02:01:51,1738231311,6851,p,5.75,7.4,33.9,-106,-16.1
689,690,2025-01-30 02:02:01,1738231321,6861,p,5.76,7.4,33.9,-106,-16.1
690,691,2025-01-30 02:02:11,1738231331,6871,p,5.76,7.4,33.9,-106,-16.1
691,692,2025-01-30 02:02:21,1738231341,6881,p,5.77,7.4,33.9,-106,-16.1
692,693,2025-01-30 02:02:31,1738231351,6891,p,5.77,7.4,33.9,-106,-16.1
693,694,2025-01-30 02:02:41,1738231361,6901,p,5.77,7.4,33.9,-106,-16.1
694,695,2025-01-30 02:02:51,1738231371,6911,p,5.77,7.4,33.9,-106,-16.1
695,696,2025-01-30 02:03:00,1738231380,6920,p,5.77,7.4,33.9,-106,-16.1
696,697,2025-01-30 02:03:10,1738231390,6930,p,5.77,7.4,33.9,-106,-16.1
697,698,2025-01-30 02:03:20,1738231400,6940,p,5.77,7.4,33.9,-106,-16.1
698,699,2025-01-30 02:03:30,1738231410,6950,p,5.76,7.4,33.9,-106,-16.1
699,700,2025-01-30 02:03:40,1738231420,6960,p,5.76,7.4,33.9,-106,-16.1
700,701,2025-01-30 02:03:50,1738231430,6970,p,5.76,7.4,33.9,-106,-16.1
701,702,2025-01-30 02:04:00,1738231440,6980,p,5.74,7.4,33.9,-106,-16.1
702,703,2025-01-30 02:04:10,1738231450,6990,p,5.74,7.4,33.9,-106,-16.1
703,704,2025-01-30 02:04:20,1738231460,7000,p,5.73,7.4,33.9,-106,-16.1
704,705,2025-01-30 02:04:30,1738231470,7010,p,5.73,7.4,33.9,-106,-16.1
705,706,2025-01-30 02:04:40,1738231480,7020,p,5.72,7.4,33.9,-106,-16.1
706,707,2025-01-30 02:04:50,1738231490,7030,p,5.72,7.4,33.9,-106,-16.1
707,708,2025-01-30 02:05:00,1738231500,7040,p,5.72,7.4,33.9,-106,-16.1
708,709,2025-01-30 02:05:10,1738231510,7050,p,5.7,7.4,33.9,-106,-16.1
709,710,2025-01-30 02:05:20,1738231520,7060,p,5.71,7.4,33.9,-106,-16.1
710,711,2025-01-30 02:05:30,1738231530,7070,p,5.7,7.4,33.9,-106,-16.1
711,712,2025-01-30 02:05:40,1738231540,7080,p,5.7,7.4,33.9,-106,-16.1
712,713,2025-01-30 02:05:50,1738231550,7090,p,5.69,7.4,33.9,-106,-16.1
713,714,2025-01-30 02:06:00,1738231560,7100,p,5.69,7.4,33.9,-106,-16.1
714,715,2025-01-30 02:06:10,1738231570,7110,p,5.68,7.4,33.9,-106,-16.1
715,716,2025-01-30 02:06:20,1738231580,7120,p,5.69,7.4,33.9,-106,-16.1
716,717,2025-01-30 02:06:30,1738231590,7130,p,5.69,7.4,33.9,-106,-16.1
717,718,2025-01-30 02:06:39,1738231599,7139,p,5.69,7.4,33.9,-106,-16.1
718,719,2025-01-30 02:06:49,1738231609,7149,p,5.7,7.4,33.9,-106,-16.1
719,720,2025-01-30 02:06:59,1738231619,7159,p,5.69,7.4,33.9,-106,-16.1
720,721,2025-01-30 02:07:09,1738231629,7169,p,5.7,7.4,33.9,-106,-16.1
721,722,2025-01-30 02:07:19,1738231639,7179,p,5.7,7.4,33.9,-106,-16.1
722,723,2025-01-30 02:07:29,1738231649,7189,p,5.7,7.4,33.9,-106,-16.1
723,724,2025-01-30 02:07:39,1738231659,7199,p,5.71,7.4,33.9,-106,-16.1
724,725,2025-01-30 02:07:49,1738231669,7209,p,5.72,7.4,33.9,-106,-16.1
725,726,2025-01-30 02:07:59,1738231679,7219,p,5.73,7.4,33.9,-106,-16.1
726,727,2025-01-30 02:08:09,1738231689,7229,p,5.74,7.4,33.9,-106,-16.1
727,728,2025-01-30 02:08:19,1738231699,7239,p,5.74,7.4,33.9,-106,-16.1
728,729,2025-01-30 02:08:29,1738231709,7249,p,5.74,7.4,33.9,-106,-16.1
729,730,2025-01-30 02:08:39,1738231719,7259,p,5.75,7.4,33.9,-106,-16.1
730,731,2025-01-30 02:08:49,1738231729,7269,p,5.75,7.4,33.9,-106,-16.1
731,732,2025-01-30 02:08:59,1738231739,7279,p,5.75,7.4,33.9,-106,-16.1
732,733,2025-01-30 02:09:09,1738231749,7289,p,5.76,7.4,33.9,-106,-16.1
733,734,2025-01-30 02:09:19,1738231759,7299,p,5.76,7.4,33.9,-106,-16.1
734,735,2025-01-30 02:09:29,1738231769,7309,p,5.77,7.4,33.9,-106,-16.1
735,736,2025-01-30 02:09:39,1738231779,7319,p,5.77,7.4,33.9,-106,-16.1
736,737,2025-01-30 02:09:49,1738231789,7329,p,5.77,7.4,33.9,-106,-16.1
737,738,2025-01-30 02:09:59,1738231799,7339,p,5.77,7.4,33.9,-106,-16.1
738,739,2025-01-30 02:10:08,1738231808,7348,p,5.77,7.4,33.9,-106.1,-16.3
739,740,2025-01-30 02:10:18,1738231818,7358,p,5.78,7.4,33.9,-106.1,-16.3
740,741,2025-01-30 02:10:28,1738231828,7368,p,5.78,7.4,33.9,-106.1,-16.3
741,742,2025-01-30 02:10:38,1738231838,7378,p,5.77,7.4,33.9,-106.1,-16.3
742,743,2025-01-30 02:10:48,1738231848,7388,p,5.77,7.4,33.9,-106.1,-16.3
743,744,2025-01-30 02:10:58,1738231858,7398,p,5.77,7.4,33.9,-106.1,-16.3
744,745,2025-01-30 02:11:08,1738231868,7408,p,5.77,7.4,33.9,-106.1,-16.3
745,746,2025-01-30 02:11:18,1738231878,7418,p,5.77,7.4,33.9,-106.1,-16.3
746,747,2025-01-30 02:11:28,1738231888,7428,p,5.76,7.4,33.9,-106.1,-16.3
747,748,2025-01-30 02:11:38,1738231898,7438,p,5.77,7.4,33.9,-106.1,-16.3
748,749,2025-01-30 02:11:48,1738231908,7448,p,5.76,7.4,33.9,-106.1,-16.3
749,750,2025-01-30 02:11:58,1738231918,7458,p,5.75,7.4,33.9,-106.1,-16.3
750,751,2025-01-30 02:12:08,1738231928,7468,p,5.75,7.4,33.9,-106.1,-16.3
751,752,2025-01-30 02:12:18,1738231938,7478,p,5.75,7.4,33.9,-106.1,-16.3
752,753,2025-01-30 02:12:28,1738231948,7488,p,5.74,7.4,33.9,-106.1,-16.3
753,754,2025-01-30 02:12:38,1738231958,7498,p,5.74,7.4,33.9,-106.1,-16.3
754,755,2025-01-30 02:12:48,1738231968,7508,p,5.74,7.4,33.9,-106.1,-16.3
755,756,2025-01-30 02:12:58,1738231978,7518,p,5.73,7.4,33.9,-106.1,-16.3
756,757,2025-01-30 02:13:08,1738231988,7528,p,5.73,7.4,33.9,-106.1,-16.3
757,758,2025-01-30 02:13:18,1738231998,7538,p,5.72,7.4,33.9,-106.1,-16.3
758,759,2025-01-30 02:13:28,1738232008,7548,p,5.71,7.4,33.9,-106.1,-16.3
759,760,2025-01-30 02:13:37,1738232017,7557,p,5.72,7.4,33.9,-106.1,-16.3
760,761,2025-01-30 02:13:47,1738232027,7567,p,5.71,7.4,33.9,-106.1,-16.3
761,762,2025-01-30 02:13:57,1738232037,7577,p,5.71,7.4,33.9,-106.1,-16.3
762,763,2025-01-30 02:14:07,1738232047,7587,p,5.71,7.4,33.9,-106.1,-16.3
763,764,2025-01-30 02:14:17,1738232057,7597,p,5.7,7.4,33.9,-106.1,-16.3
764,765,2025-01-30 02:14:27,1738232067,7607,p,5.71,7.4,33.9,-106.1,-16.3
765,766,2025-01-30 02:14:37,1738232077,7617,p,5.7,7.4,33.9,-106.1,-16.3
766,767,2025-01-30 02:14:47,1738232087,7627,p,5.7,7.4,33.9,-106.1,-16.3
767,768,2025-01-30 02:14:57,1738232097,7637,p,5.7,7.4,33.9,-106.1,-16.3
768,769,2025-01-30 02:15:07,1738232107,7647,p,5.7,7.4,33.9,-106.1,-16.3
769,770,2025-01-30 02:15:17,1738232117,7657,p,5.7,7.4,33.9,-106.1,-16.3
770,771,2025-01-30 02:15:27,1738232127,7667,p,5.7,7.4,33.9,-106.1,-16.3
771,772,2025-01-30 02:15:37,1738232137,7677,p,5.7,7.4,33.9,-106.1,-16.3
772,773,2025-01-30 02:15:47,1738232147,7687,p,5.71,7.4,33.9,-106.1,-16.3
773,774,2025-01-30 02:15:57,1738232157,7697,p,5.7,7.4,33.9,-106.1,-16.3
774,775,2025-01-30 02:16:07,1738232167,7707,p,5.7,7.4,33.9,-106.1,-16.3
775,776,2025-01-30 02:16:17,1738232177,7717,p,5.72,7.4,33.9,-106.1,-16.3
776,777,2025-01-30 02:16:27,1738232187,7727,p,5.71,7.4,33.9,-106.1,-16.3
777,778,2025-01-30 02:16:37,1738232197,7737,p,5.72,7.4,33.9,-106.1,-16.3
778,779,2025-01-30 02:16:47,1738232207,7747,p,5.72,7.4,33.9,-106.1,-16.3
779,780,2025-01-30 02:16:57,1738232217,7757,p,5.73,7.4,33.9,-106.1,-16.3
780,781,2025-01-30 02:17:07,1738232227,7767,p,5.73,7.4,33.9,-106.1,-16.3
781,782,2025-01-30 02:17:16,1738232236,7776,p,5.73,7.4,33.9,-106.1,-16.3
782,783,2025-01-30 02:17:26,1738232246,7786,p,5.73,7.4,33.9,-106.1,-16.3
783,784,2025-01-30 02:17:36,1738232256,7796,p,5.74,7.4,33.9,-106.1,-16.3
784,785,2025-01-30 02:17:46,1738232266,7806,p,5.74,7.4,33.9,-106.1,-16.3
785,786,2025-01-30 02:17:56,1738232276,7816,p,5.74,7.4,33.9,-106.1,-16.3
786,787,2025-01-30 02:18:06,1738232286,7826,p,5.74,7.4,33.9,-106.1,-16.3
787,788,2025-01-30 02:18:16,1738232296,7836,p,5.75,7.4,33.9,-106.1,-16.3
788,789,2025-01-30 02:18:26,1738232306,7846,p,5.74,7.4,33.9,-106.1,-16.3
789,790,2025-01-30 02:18:36,1738232316,7856,p,5.74,7.4,33.9,-106.1,-16.3
790,791,2025-01-30 02:18:46,1738232326,7866,p,5.74,7.4,33.9,-106.1,-16.3
791,792,2025-01-30 02:18:56,1738232336,7876,p,5.75,7.4,33.9,-106.1,-16.3
792,793,2025-01-30 02:19:06,1738232346,7886,p,5.75,7.4,33.9,-106.1,-16.3
793,794,2025-01-30 02:19:16,1738232356,7896,p,5.75,7.4,33.9,-106.1,-16.3
794,795,2025-01-30 02:19:26,1738232366,7906,p,5.75,7.4,33.9,-106.1,-16.3
795,796,2025-01-30 02:19:36,1738232376,7916,p,5.75,7.4,33.9,-106.1,-16.3
796,797,2025-01-30 02:19:46,1738232386,7926,p,5.75,7.4,33.9,-106.1,-16.3
797,798,2025-01-30 02:19:56,1738232396,7936,p,5.75,7.4,33.9,-106.1,-16.3
798,799,2025-01-30 02:20:06,1738232406,7946,p,5.75,7.4,33.9,-106.1,-16.3
799,800,2025-01-30 02:20:16,1738232416,7956,p,5.75,7.4,33.9,-106.1,-16.3
800,801,2025-01-30 02:20:26,1738232426,7966,p,5.75,7.4,33.9,-106.1,-16.3
801,802,2025-01-30 02:20:36,1738232436,7976,p,5.75,7.4,33.9,-106.1,-16.3
802,803,2025-01-30 02:20:45,1738232445,7985,p,5.76,7.4,33.9,-106.1,-16.3
803,804,2025-01-30 02:20:55,1738232455,7995,p,5.75,7.4,33.9,-106.1,-16.3
804,805,2025-01-30 02:21:05,1738232465,8005,p,5.75,7.4,33.8,-106.1,-16.4
805,806,2025-01-30 02:21:15,1738232475,8015,p,5.75,7.4,33.8,-106.1,-16.4
806,807,2025-01-30 02:21:25,1738232485,8025,p,5.75,7.4,33.8,-106.1,-16.4
807,808,2025-01-30 02:21:35,1738232495,8035,p,5.75,7.4,33.8,-106.1,-16.4
808,809,2025-01-30 02:21:45,1738232505,8045,p,5.74,7.4,33.8,-106.1,-16.4
809,810,2025-01-30 02:21:55,1738232515,8055,p,5.75,7.4,33.8,-106.1,-16.4
810,811,2025-01-30 02:22:05,1738232525,8065,p,5.75,7.4,33.8,-106.1,-16.4
811,812,2025-01-30 02:22:15,1738232535,8075,p,5.73,7.4,33.8,-106.1,-16.4
812,813,2025-01-30 02:22:25,1738232545,8085,p,5.73,7.4,33.8,-106.1,-16.4
813,814,2025-01-30 02:22:35,1738232555,8095,p,5.73,7.4,33.8,-106.1,-16.4
814,815,2025-01-30 02:22:45,1738232565,8105,p,5.72,7.4,33.8,-106.1,-16.4
815,816,2025-01-30 02:22:55,1738232575,8115,p,5.72,7.4,33.8,-106.1,-16.4
816,817,2025-01-30 02:23:05,1738232585,8125,p,5.72,7.4,33.8,-106.1,-16.4
817,818,2025-01-30 02:23:15,1738232595,8135,p,5.71,7.4,33.8,-106.1,-16.4
818,819,2025-01-30 02:23:25,1738232605,8145,p,5.71,7.4,33.8,-106.1,-16.4
819,820,2025-01-30 02:23:35,1738232615,8155,p,5.7,7.4,33.8,-106.1,-16.4
820,821,2025-01-30 02:23:45,1738232625,8165,p,5.71,7.4,33.8,-106.1,-16.4
821,822,2025-01-30 02:23:55,1738232635,8175,p,5.7,7.4,33.8,-106.1,-16.4
822,823,2025-01-30 02:24:05,1738232645,8185,p,5.7,7.4,33.8,-106.1,-16.4
823,824,2025-01-30 02:24:15,1738232655,8195,p,5.7,7.4,33.8,-106.1,-16.4
824,825,2025-01-30 02:24:24,1738232664,8204,p,5.7,7.4,33.8,-106.1,-16.4
825,826,2025-01-30 02:24:34,1738232674,8214,p,5.7,7.4,33.8,-106.1,-16.4
826,827,2025-01-30 02:24:44,1738232684,8224,p,5.7,7.4,33.8,-106.1,-16.4
827,828,2025-01-30 02:24:54,1738232694,8234,p,5.7,7.4,33.8,-106.1,-16.4
828,829,2025-01-30 02:25:04,1738232704,8244,p,5.7,7.4,33.8,-106.1,-16.4
829,830,2025-01-30 02:25:14,1738232714,8254,p,5.7,7.4,33.8,-106.1,-16.4
830,831,2025-01-30 02:25:24,1738232724,8264,p,5.71,7.4,33.8,-106.1,-16.4
831,832,2025-01-30 02:25:34,1738232734,8274,p,5.71,7.4,33.8,-106.1,-16.4
832,833,2025-01-30 02:25:44,1738232744,8284,p,5.72,7.4,33.8,-106.1,-16.4
833,834,2025-01-30 02:25:54,1738232754,8294,p,5.72,7.4,33.8,-106.1,-16.4
834,835,2025-01-30 02:26:04,1738232764,8304,p,5.74,7.4,33.8,-106.1,-16.4
835,836,2025-01-30 02:26:14,1738232774,8314,p,5.74,7.4,33.8,-106.1,-16.4
836,837,2025-01-30 02:26:24,1738232784,8324,p,5.75,7.4,33.8,-106.1,-16.4
837,838,2025-01-30 02:26:34,1738232794,8334,p,5.76,7.4,33.8,-106.1,-16.4
838,839,2025-01-30 02:26:44,1738232804,8344,p,5.76,7.4,33.8,-106.1,-16.4
839,840,2025-01-30 02:26:54,1738232814,8354,p,5.77,7.4,33.8,-106.1,-16.4
840,841,2025-01-30 02:27:04,1738232824,8364,p,5.77,7.4,33.8,-106.1,-16.4
841,842,2025-01-30 02:27:14,1738232834,8374,p,5.79,7.4,33.8,-106.1,-16.4
842,843,2025-01-30 02:27:24,1738232844,8384,p,5.79,7.4,33.8,-106.1,-16.4
843,844,2025-01-30 02:27:34,1738232854,8394,p,5.79,7.4,33.8,-106.1,-16.4
844,845,2025-01-30 02:27:44,1738232864,8404,p,5.8,7.4,33.8,-106.1,-16.4
845,846,2025-01-30 02:27:53,1738232873,8413,p,5.8,7.4,33.8,-106.1,-16.4
846,847,2025-01-30 02:28:03,1738232883,8423,p,5.81,7.4,33.8,-106.1,-16.4
847,848,2025-01-30 02:28:13,1738232893,8433,p,5.8,7.4,33.8,-106.1,-16.4
848,849,2025-01-30 02:28:23,1738232903,8443,p,5.8,7.4,33.8,-106.1,-16.4
849,850,2025-01-30 02:28:33,1738232913,8453,p,5.79,7.4,33.8,-106.1,-16.4
850,851,2025-01-30 02:28:43,1738232923,8463,p,5.8,7.4,33.8,-106.1,-16.4
851,852,2025-01-30 02:28:53,1738232933,8473,p,5.79,7.4,33.8,-106.1,-16.4
852,853,2025-01-30 02:29:03,1738232943,8483,p,5.79,7.4,33.8,-106.1,-16.4
853,854,2025-01-30 02:29:13,1738232953,8493,p,5.78,7.4,33.8,-106.1,-16.4
854,855,2025-01-30 02:29:23,1738232963,8503,p,5.78,7.4,33.8,-106.1,-16.4
855,856,2025-01-30 02:29:33,1738232973,8513,p,5.78,7.4,33.8,-106.1,-16.4
856,857,2025-01-30 02:29:43,1738232983,8523,p,5.77,7.4,33.8,-106.1,-16.4
857,858,2025-01-30 02:29:53,1738232993,8533,p,5.77,7.4,33.8,-106.1,-16.4
858,859,2025-01-30 02:30:03,1738233003,8543,p,5.76,7.4,33.8,-106.1,-16.4
859,860,2025-01-30 02:30:13,1738233013,8553,p,5.76,7.4,33.8,-106.1,-16.4
860,861,2025-01-30 02:30:23,1738233023,8563,p,5.75,7.4,33.8,-106.1,-16.4
861,862,2025-01-30 02:30:33,1738233033,8573,p,5.76,7.4,33.8,-106.1,-16.4
862,863,2025-01-30 02:30:43,1738233043,8583,p,5.74,7.4,33.8,-106.1,-16.4
863,864,2025-01-30 02:30:53,1738233053,8593,p,5.75,7.4,33.8,-106.1,-16.4
864,865,2025-01-30 02:31:03,1738233063,8603,p,5.74,7.4,33.8,-106.1,-16.4
865,866,2025-01-30 02:31:13,1738233073,8613,p,5.74,7.4,33.8,-106.1,-16.4
866,867,2025-01-30 02:31:23,1738233083,8623,p,5.74,7.4,33.8,-106.1,-16.4
867,868,2025-01-30 02:31:32,1738233092,8632,p,5.74,7.4,33.8,-106.1,-16.4
868,869,2025-01-30 02:31:42,1738233102,8642,p,5.74,7.4,33.8,-106.1,-16.4
869,870,2025-01-30 02:31:52,1738233112,8652,p,5.74,7.4,33.8,-106.1,-16.4
870,871,2025-01-30 02:32:02,1738233122,8662,p,5.74,7.4,33.8,-106.1,-16.6
871,872,2025-01-30 02:32:12,1738233132,8672,p,5.73,7.4,33.8,-106.1,-16.6
872,873,2025-01-30 02:32:22,1738233142,8682,p,5.74,7.4,33.8,-106.1,-16.6
873,874,2025-01-30 02:32:32,1738233152,8692,p,5.74,7.4,33.8,-106.1,-16.6
874,875,2025-01-30 02:32:42,1738233162,8702,p,5.74,7.4,33.8,-106.1,-16.6
875,876,2025-01-30 02:32:52,1738233172,8712,p,5.74,7.4,33.8,-106.1,-16.6
876,877,2025-01-30 02:33:02,1738233182,8722,p,5.75,7.4,33.8,-106.1,-16.6
877,878,2025-01-30 02:33:12,1738233192,8732,p,5.76,7.4,33.8,-106.1,-16.6
878,879,2025-01-30 02:33:22,1738233202,8742,p,5.76,7.4,33.8,-106.1,-16.6
879,880,2025-01-30 02:33:32,1738233212,8752,p,5.76,7.4,33.8,-106.1,-16.6
880,881,2025-01-30 02:33:42,1738233222,8762,p,5.76,7.4,33.8,-106.1,-16.6
881,882,2025-01-30 02:33:52,1738233232,8772,p,5.76,7.4,33.8,-106.1,-16.6
882,883,2025-01-30 02:34:02,1738233242,8782,p,5.77,7.4,33.8,-106.1,-16.6
883,884,2025-01-30 02:34:12,1738233252,8792,p,5.77,7.4,33.8,-106.1,-16.6
884,885,2025-01-30 02:34:22,1738233262,8802,p,5.78,7.4,33.8,-106.1,-16.6
885,886,2025-01-30 02:34:32,1738233272,8812,p,5.78,7.4,33.8,-106.1,-16.6
886,887,2025-01-30 02:34:42,1738233282,8822,p,5.78,7.4,33.8,-106.1,-16.6
887,888,2025-01-30 02:34:52,1738233292,8832,p,5.78,7.4,33.8,-106.1,-16.6
888,889,2025-01-30 02:35:01,1738233301,8841,p,5.78,7.4,33.8,-106.1,-16.6
889,890,2025-01-30 02:35:11,1738233311,8851,p,5.79,7.4,33.8,-106.1,-16.6
890,891,2025-01-30 02:35:21,1738233321,8861,p,5.79,7.4,33.8,-106.1,-16.6
891,892,2025-01-30 02:35:31,1738233331,8871,p,5.78,7.4,33.8,-106.1,-16.6
892,893,2025-01-30 02:35:41,1738233341,8881,p,5.79,7.4,33.8,-106.1,-16.6
893,894,2025-01-30 02:35:51,1738233351,8891,p,5.78,7.4,33.8,-106.1,-16.6
894,895,2025-01-30 02:36:01,1738233361,8901,p,5.78,7.4,33.8,-106.1,-16.6
895,896,2025-01-30 02:36:11,1738233371,8911,p,5.78,7.4,33.8,-106.1,-16.6
896,897,2025-01-30 02:36:21,1738233381,8921,p,5.77,7.4,33.8,-106.1,-16.6
897,898,2025-01-30 02:36:31,1738233391,8931,p,5.78,7.4,33.8,-106.1,-16.6
898,899,2025-01-30 02:36:41,1738233401,8941,p,5.77,7.4,33.8,-106.1,-16.6
899,900,2025-01-30 02:36:51,1738233411,8951,p,5.77,7.4,33.8,-106.1,-16.6
900,901,2025-01-30 02:37:01,1738233421,8961,p,5.77,7.4,33.8,-106.1,-16.6
901,902,2025-01-30 02:37:11,1738233431,8971,p,5.76,7.4,33.8,-106.1,-16.6
902,903,2025-01-30 02:37:21,1738233441,8981,p,5.76,7.4,33.8,-106.1,-16.6
903,904,2025-01-30 02:37:31,1738233451,8991,p,5.76,7.4,33.8,-106.1,-16.6
904,905,2025-01-30 02:37:41,1738233461,9001,p,5.76,7.4,33.8,-106.1,-16.6
905,906,2025-01-30 02:37:51,1738233471,9011,p,5.76,7.4,33.8,-106.1,-16.6
906,907,2025-01-30 02:38:01,1738233481,9021,p,5.76,7.4,33.8,-106.1,-16.6
907,908,2025-01-30 02:38:11,1738233491,9031,p,5.75,7.4,33.8,-106.1,-16.6
908,909,2025-01-30 02:38:21,1738233501,9041,p,5.76,7.4,33.8,-106.1,-16.6
909,910,2025-01-30 02:38:30,1738233510,9050,p,5.75,7.4,33.8,-106.1,-16.6
910,911,2025-01-30 02:38:40,1738233520,9060,p,5.76,7.4,33.8,-106.1,-16.6
911,912,2025-01-30 02:38:50,1738233530,9070,p,5.76,7.4,33.8,-106.1,-16.6
912,913,2025-01-30 02:39:00,1738233540,9080,p,5.76,7.4,33.8,-106.1,-16.6
913,914,2025-01-30 02:39:10,1738233550,9090,p,5.76,7.4,33.8,-106.1,-16.6
914,915,2025-01-30 02:39:20,1738233560,9100,p,5.76,7.4,33.8,-106.1,-16.6
915,916,2025-01-30 02:39:30,1738233570,9110,p,5.77,7.4,33.8,-106.1,-16.6
916,917,2025-01-30 02:39:40,1738233580,9120,p,5.77,7.4,33.8,-106.1,-16.6
917,918,2025-01-30 02:39:50,1738233590,9130,p,5.77,7.4,33.8,-106.1,-16.6
918,919,2025-01-30 02:40:00,1738233600,9140,p,5.78,7.4,33.8,-106.1,-16.6
919,920,2025-01-30 02:40:10,1738233610,9150,p,5.77,7.4,33.8,-106.1,-16.6
920,921,2025-01-30 02:40:20,1738233620,9160,p,5.77,7.4,33.8,-106.1,-16.6
921,922,2025-01-30 02:40:30,1738233630,9170,p,5.79,7.4,33.8,-106.1,-16.6
922,923,2025-01-30 02:40:40,1738233640,9180,p,5.78,7.4,33.8,-106.1,-16.6
923,924,2025-01-30 02:40:50,1738233650,9190,p,5.78,7.4,33.8,-106.1,-16.6
924,925,2025-01-30 02:41:00,1738233660,9200,p,5.79,7.4,33.8,-106.1,-16.6
925,926,2025-01-30 02:41:10,1738233670,9210,p,5.78,7.4,33.8,-106.1,-16.6
926,927,2025-01-30 02:41:20,1738233680,9220,p,5.79,7.4,33.8,-106.1,-16.6
927,928,2025-01-30 02:41:30,1738233690,9230,p,5.79,7.4,33.8,-106.1,-16.6
928,929,2025-01-30 02:41:40,1738233700,9240,p,5.8,7.4,33.8,-106.1,-16.6
929,930,2025-01-30 02:41:50,1738233710,9250,p,5.8,7.4,33.8,-106.1,-16.6
930,931,2025-01-30 02:42:00,1738233720,9260,p,5.8,7.4,33.8,-106.1,-16.6
931,932,2025-01-30 02:42:09,1738233729,9269,p,5.81,7.4,33.8,-106.1,-16.6
932,933,2025-01-30 02:42:19,1738233739,9279,p,5.8,7.4,33.8,-106.1,-16.6
933,934,2025-01-30 02:42:29,1738233749,9289,p,5.81,7.4,33.8,-106.1,-16.6
934,935,2025-01-30 02:42:39,1738233759,9299,p,5.8,7.4,33.8,-106.1,-16.6
935,936,2025-01-30 02:42:49,1738233769,9309,p,5.8,7.4,33.8,-106.1,-16.6
936,937,2025-01-30 02:42:59,1738233779,9319,p,5.81,7.4,33.7,-106.1,-16.6
937,938,2025-01-30 02:43:09,1738233789,9329,p,5.8,7.4,33.7,-106.1,-16.6
938,939,2025-01-30 02:43:19,1738233799,9339,p,5.81,7.4,33.7,-106.1,-16.6
939,940,2025-01-30 02:43:29,1738233809,9349,p,5.8,7.4,33.7,-106.1,-16.6
940,941,2025-01-30 02:43:39,1738233819,9359,p,5.8,7.4,33.7,-106.1,-16.6
941,942,2025-01-30 02:43:49,1738233829,9369,p,5.79,7.4,33.7,-106.1,-16.6
942,943,2025-01-30 02:43:59,1738233839,9379,p,5.79,7.4,33.7,-106.1,-16.6
943,944,2025-01-30 02:44:09,1738233849,9389,p,5.79,7.4,33.7,-106.1,-16.6
944,945,2025-01-30 02:44:19,1738233859,9399,p,5.78,7.4,33.7,-106.1,-16.6
945,946,2025-01-30 02:44:29,1738233869,9409,p,5.78,7.4,33.7,-106.1,-16.6
946,947,2025-01-30 02:44:39,1738233879,9419,p,5.78,7.4,33.7,-106.1,-16.6
947,948,2025-01-30 02:44:49,1738233889,9429,p,5.78,7.4,33.7,-106.1,-16.6
948,949,2025-01-30 02:44:59,1738233899,9439,p,5.78,7.4,33.7,-106.1,-16.6
949,950,2025-01-30 02:45:09,1738233909,9449,p,5.76,7.4,33.7,-106.1,-16.6
950,951,2025-01-30 02:45:19,1738233919,9459,p,5.76,7.4,33.7,-106.1,-16.6
951,952,2025-01-30 02:45:29,1738233929,9469,p,5.75,7.4,33.7,-106.1,-16.6
952,953,2025-01-30 02:45:39,1738233939,9479,p,5.76,7.4,33.7,-106.1,-16.6
953,954,2025-01-30 02:45:49,1738233949,9489,p,5.76,7.4,33.7,-106.1,-16.6
954,955,2025-01-30 02:45:58,1738233958,9498,p,5.76,7.4,33.7,-106.1,-16.6
955,956,2025-01-30 02:46:08,1738233968,9508,p,5.75,7.4,33.7,-106.1,-16.6
956,957,2025-01-30 02:46:18,1738233978,9518,p,5.76,7.4,33.7,-106.1,-16.6
957,958,2025-01-30 02:46:28,1738233988,9528,p,5.76,7.4,33.7,-106.1,-16.6
958,959,2025-01-30 02:46:38,1738233998,9538,p,5.76,7.4,33.7,-106.1,-16.6
959,960,2025-01-30 02:46:48,1738234008,9548,p,5.75,7.4,33.7,-106.1,-16.6
960,961,2025-01-30 02:46:58,1738234018,9558,p,5.75,7.4,33.7,-106.1,-16.6
961,962,2025-01-30 02:47:08,1738234028,9568,p,5.75,7.4,33.7,-106.1,-16.6
962,963,2025-01-30 02:47:18,1738234038,9578,p,5.75,7.4,33.7,-106.1,-16.6
963,964,2025-01-30 02:47:28,1738234048,9588,p,5.76,7.4,33.7,-106.1,-16.6
964,965,2025-01-30 02:47:38,1738234058,9598,p,5.77,7.4,33.7,-106.1,-16.6
965,966,2025-01-30 02:47:48,1738234068,9608,p,5.77,7.4,33.7,-106.1,-16.6
966,967,2025-01-30 02:47:58,1738234078,9618,p,5.78,7.4,33.7,-106.1,-16.6
967,968,2025-01-30 02:48:08,1738234088,9628,p,5.78,7.4,33.7,-106.1,-16.6
968,969,2025-01-30 02:48:18,1738234098,9638,p,5.78,7.4,33.7,-106.1,-16.6
969,970,2025-01-30 02:48:28,1738234108,9648,p,5.79,7.4,33.7,-106.1,-16.6
970,971,2025-01-30 02:48:38,1738234118,9658,p,5.79,7.4,33.7,-106.1,-16.6
971,972,2025-01-30 02:48:48,1738234128,9668,p,5.8,7.4,33.7,-106.1,-16.6
972,973,2025-01-30 02:48:58,1738234138,9678,p,5.8,7.4,33.7,-106.1,-16.6
973,974,2025-01-30 02:49:08,1738234148,9688,p,5.8,7.4,33.7,-106.1,-16.6
974,975,2025-01-30 02:49:18,1738234158,9698,p,5.81,7.4,33.7,-106.1,-16.6
975,976,2025-01-30 02:49:28,1738234168,9708,p,5.82,7.4,33.7,-106.1,-16.6
976,977,2025-01-30 02:49:37,1738234177,9717,p,5.81,7.4,33.7,-106.1,-16.6
977,978,2025-01-30 02:49:47,1738234187,9727,p,5.81,7.4,33.7,-106.1,-16.6
978,979,2025-01-30 02:49:57,1738234197,9737,p,5.81,7.4,33.7,-106.1,-16.6
979,980,2025-01-30 02:50:07,1738234207,9747,p,5.81,7.4,33.7,-106.1,-16.6
980,981,2025-01-30 02:50:17,1738234217,9757,p,5.81,7.4,33.7,-106.1,-16.6
981,982,2025-01-30 02:50:27,1738234227,9767,p,5.81,7.4,33.7,-106.1,-16.6
982,983,2025-01-30 02:50:37,1738234237,9777,p,5.81,7.4,33.7,-106.1,-16.6
983,984,2025-01-30 02:50:47,1738234247,9787,p,5.81,7.4,33.7,-106.1,-16.6
984,985,2025-01-30 02:50:57,1738234257,9797,p,5.8,7.4,33.7,-106.1,-16.6
985,986,2025-01-30 02:51:07,1738234267,9807,p,5.8,7.4,33.7,-106.1,-16.6
986,987,2025-01-30 02:51:17,1738234277,9817,p,5.8,7.4,33.7,-106.1,-16.6
987,988,2025-01-30 02:51:27,1738234287,9827,p,5.8,7.4,33.7,-106.1,-16.6
988,989,2025-01-30 02:51:37,1738234297,9837,p,5.8,7.4,33.7,-106.1,-16.6
989,990,2025-01-30 02:51:47,1738234307,9847,p,5.79,7.4,33.7,-106.1,-16.6
990,991,2025-01-30 02:51:57,1738234317,9857,p,5.79,7.4,33.7,-106.1,-16.6
991,992,2025-01-30 02:52:07,1738234327,9867,p,5.79,7.4,33.7,-106.1,-16.6
992,993,2025-01-30 02:52:17,1738234337,9877,p,5.79,7.4,33.7,-106.1,-16.6
993,994,2025-01-30 02:52:27,1738234347,9887,p,5.8,7.4,33.7,-106.1,-16.6
994,995,2025-01-30 02:52:37,1738234357,9897,p,5.79,7.4,33.7,-106.1,-16.6
995,996,2025-01-30 02:52:47,1738234367,9907,p,5.79,7.4,33.7,-106.1,-16.6
996,997,2025-01-30 02:52:57,1738234377,9917,p,5.79,7.4,33.7,-106.1,-16.6
997,998,2025-01-30 02:53:07,1738234387,9927,p,5.79,7.4,33.7,-106.1,-16.6
998,999,2025-01-30 02:53:16,1738234396,9936,p,5.79,7.4,33.7,-106.1,-16.6
999,1000,2025-01-30 02:53:26,1738234406,9946,p,5.78,7.4,33.7,-106.1,-16.6
1000,1001,2025-01-30 02:53:36,1738234416,9956,p,5.79,7.4,33.7,-106.1,-16.6
1001,1002,2025-01-30 02:53:46,1738234426,9966,p,5.79,7.4,33.7,-106.1,-16.6
1002,1003,2025-01-30 02:53:56,1738234436,9976,p,5.78,7.4,33.7,-106.2,-16.8
1003,1004,2025-01-30 02:54:06,1738234446,9986,p,5.78,7.4,33.7,-106.2,-16.8
1004,1005,2025-01-30 02:54:16,1738234456,9996,p,5.79,7.4,33.7,-106.2,-16.8
1005,1006,2025-01-30 02:54:26,1738234466,10006,p,5.78,7.4,33.7,-106.2,-16.8
1006,1007,2025-01-30 02:54:36,1738234476,10016,p,5.78,7.4,33.7,-106.2,-16.8
1007,1008,2025-01-30 02:54:46,1738234486,10026,p,5.78,7.4,33.7,-106.2,-16.8
1008,1009,2025-01-30 02:54:56,1738234496,10036,p,5.78,7.4,33.7,-106.2,-16.8
1009,1010,2025-01-30 02:55:06,1738234506,10046,p,5.78,7.4,33.7,-106.2,-16.8
1010,1011,2025-01-30 02:55:16,1738234516,10056,p,5.79,7.4,33.7,-106.2,-16.8
1011,1012,2025-01-30 02:55:26,1738234526,10066,p,5.78,7.4,33.7,-106.2,-16.8
1012,1013,2025-01-30 02:55:36,1738234536,10076,p,5.79,7.4,33.7,-106.2,-16.8
1013,1014,2025-01-30 02:55:46,1738234546,10086,p,5.79,7.4,33.7,-106.2,-16.8
1014,1015,2025-01-30 02:55:56,1738234556,10096,p,5.79,7.4,33.7,-106.2,-16.8
1015,1016,2025-01-30 02:56:06,1738234566,10106,p,5.79,7.4,33.7,-106.2,-16.8
1016,1017,2025-01-30 02:56:16,1738234576,10116,p,5.79,7.4,33.7,-106.2,-16.8
1017,1018,2025-01-30 02:56:26,1738234586,10126,p,5.79,7.4,33.7,-106.2,-16.8
1018,1019,2025-01-30 02:56:36,1738234596,10136,p,5.8,7.4,33.7,-106.2,-16.8
1019,1020,2025-01-30 02:56:45,1738234605,10145,p,5.8,7.4,33.7,-106.2,-16.8
1020,1021,2025-01-30 02:56:55,1738234615,10155,p,5.8,7.4,33.7,-106.2,-16.8
1021,1022,2025-01-30 02:57:05,1738234625,10165,p,5.8,7.4,33.7,-106.2,-16.8
1022,1023,2025-01-30 02:57:15,1738234635,10175,p,5.81,7.4,33.7,-106.2,-16.8
1023,1024,2025-01-30 02:57:25,1738234645,10185,p,5.81,7.4,33.7,-106.2,-16.8
1024,1025,2025-01-30 02:57:35,1738234655,10195,p,5.81,7.4,33.7,-106.2,-16.8
1025,1026,2025-01-30 02:57:45,1738234665,10205,p,5.81,7.4,33.7,-106.2,-16.8
1026,1027,2025-01-30 02:57:55,1738234675,10215,p,5.81,7.4,33.7,-106.2,-16.8
1027,1028,2025-01-30 02:58:05,1738234685,10225,p,5.81,7.4,33.7,-106.2,-16.8
1028,1029,2025-01-30 02:58:15,1738234695,10235,p,5.81,7.4,33.7,-106.2,-16.8
1029,1030,2025-01-30 02:58:25,1738234705,10245,p,5.81,7.4,33.7,-106.2,-16.8
1030,1031,2025-01-30 02:58:35,1738234715,10255,p,5.81,7.4,33.7,-106.2,-16.8
1031,1032,2025-01-30 02:58:45,1738234725,10265,p,5.82,7.4,33.7,-106.2,-16.8
1032,1033,2025-01-30 02:58:55,1738234735,10275,p,5.82,7.4,33.7,-106.2,-16.8
1033,1034,2025-01-30 02:59:05,1738234745,10285,p,5.81,7.4,33.7,-106.2,-16.8
1034,1035,2025-01-30 02:59:15,1738234755,10295,p,5.81,7.4,33.7,-106.2,-16.8
1035,1036,2025-01-30 02:59:25,1738234765,10305,p,5.82,7.4,33.7,-106.2,-16.8
1036,1037,2025-01-30 02:59:35,1738234775,10315,p,5.82,7.4,33.7,-106.2,-16.8
1037,1038,2025-01-30 02:59:45,1738234785,10325,p,5.82,7.4,33.7,-106.2,-16.8
1038,1039,2025-01-30 02:59:55,1738234795,10335,p,5.81,7.4,33.7,-106.2,-16.8
1039,1040,2025-01-30 03:00:05,1738234805,10345,p,5.81,7.4,33.7,-106.2,-16.8
1040,1041,2025-01-30 03:00:15,1738234815,10355,p,5.81,7.4,33.7,-106.2,-16.8
1041,1042,2025-01-30 03:00:24,1738234824,10364,p,5.82,7.4,33.7,-106.2,-16.8
1042,1043,2025-01-30 03:00:34,1738234834,10374,p,5.81,7.4,33.7,-106.2,-16.8
1043,1044,2025-01-30 03:00:44,1738234844,10384,p,5.81,7.4,33.7,-106.2,-16.8
1044,1045,2025-01-30 03:00:54,1738234854,10394,p,5.81,7.4,33.7,-106.2,-16.8
1045,1046,2025-01-30 03:01:04,1738234864,10404,p,5.82,7.4,33.7,-106.2,-16.8
1046,1047,2025-01-30 03:01:14,1738234874,10414,p,5.81,7.4,33.7,-106.2,-16.8
1047,1048,2025-01-30 03:01:24,1738234884,10424,p,5.82,7.4,33.7,-106.2,-16.8
1048,1049,2025-01-30 03:01:34,1738234894,10434,p,5.81,7.4,33.7,-106.2,-16.8
1049,1050,2025-01-30 03:01:44,1738234904,10444,p,5.82,7.4,33.7,-106.2,-16.8
1050,1051,2025-01-30 03:01:54,1738234914,10454,p,5.81,7.4,33.7,-106.2,-16.8
1051,1052,2025-01-30 03:02:04,1738234924,10464,p,5.81,7.4,33.7,-106.2,-16.8
1052,1053,2025-01-30 03:02:14,1738234934,10474,p,5.81,7.4,33.7,-106.2,-16.8
1053,1054,2025-01-30 03:02:24,1738234944,10484,p,5.82,7.4,33.7,-106.2,-16.8
1054,1055,2025-01-30 03:02:34,1738234954,10494,p,5.81,7.4,33.7,-106.2,-16.8
1055,1056,2025-01-30 03:02:44,1738234964,10504,p,5.82,7.4,33.7,-106.2,-16.8
1056,1057,2025-01-30 03:02:54,1738234974,10514,p,5.81,7.4,33.7,-106.2,-16.8
1057,1058,2025-01-30 03:03:04,1738234984,10524,p,5.81,7.4,33.7,-106.2,-16.8
1058,1059,2025-01-30 03:03:14,1738234994,10534,p,5.82,7.4,33.7,-106.2,-16.8
1059,1060,2025-01-30 03:03:24,1738235004,10544,p,5.82,7.4,33.7,-106.2,-16.8
1060,1061,2025-01-30 03:03:34,1738235014,10554,p,5.82,7.4,33.7,-106.2,-16.8
1061,1062,2025-01-30 03:03:44,1738235024,10564,p,5.82,7.4,33.7,-106.2,-16.8
1062,1063,2025-01-30 03:03:54,1738235034,10574,p,5.82,7.4,33.7,-106.2,-16.8
1063,1064,2025-01-30 03:04:03,1738235043,10583,p,5.82,7.4,33.7,-106.2,-16.8
1064,1065,2025-01-30 03:04:13,1738235053,10593,p,5.83,7.4,33.7,-106.2,-16.8
1065,1066,2025-01-30 03:04:23,1738235063,10603,p,5.83,7.4,33.7,-106.2,-16.8
1066,1067,2025-01-30 03:04:33,1738235073,10613,p,5.84,7.4,33.7,-106.2,-16.8
1067,1068,2025-01-30 03:04:43,1738235083,10623,p,5.84,7.4,33.7,-106.2,-16.8
1068,1069,2025-01-30 03:04:53,1738235093,10633,p,5.84,7.4,33.6,-106.2,-16.8
1069,1070,2025-01-30 03:05:03,1738235103,10643,p,5.84,7.4,33.6,-106.2,-16.8
1070,1071,2025-01-30 03:05:13,1738235113,10653,p,5.84,7.4,33.6,-106.2,-16.8
1071,1072,2025-01-30 03:05:23,1738235123,10663,p,5.84,7.4,33.6,-106.2,-16.8
1072,1073,2025-01-30 03:05:33,1738235133,10673,p,5.85,7.4,33.6,-106.2,-16.8
1073,1074,2025-01-30 03:05:43,1738235143,10683,p,5.85,7.4,33.6,-106.2,-16.8
1074,1075,2025-01-30 03:05:53,1738235153,10693,p,5.84,7.4,33.6,-106.2,-16.8
1075,1076,2025-01-30 03:06:03,1738235163,10703,p,5.85,7.4,33.6,-106.2,-16.8
1076,1077,2025-01-30 03:06:13,1738235173,10713,p,5.85,7.4,33.6,-106.2,-16.8
1077,1078,2025-01-30 03:06:23,1738235183,10723,p,5.85,7.4,33.6,-106.2,-16.8
1078,1079,2025-01-30 03:06:33,1738235193,10733,p,5.85,7.4,33.6,-106.2,-16.8
1079,1080,2025-01-30 03:06:43,1738235203,10743,p,5.85,7.4,33.6,-106.2,-16.8
1080,1081,2025-01-30 03:06:53,1738235213,10753,p,5.84,7.4,33.6,-106.2,-16.8
1081,1082,2025-01-30 03:07:03,1738235223,10763,p,5.84,7.4,33.6,-106.2,-16.8
1082,1083,2025-01-30 03:07:13,1738235233,10773,p,5.84,7.4,33.6,-106.2,-16.8
1083,1084,2025-01-30 03:07:23,1738235243,10783,p,5.84,7.4,33.6,-106.2,-16.8
1084,1085,2025-01-30 03:07:33,1738235253,10793,p,5.83,7.4,33.6,-106.2,-16.8
1085,1086,2025-01-30 03:07:42,1738235262,10802,p,5.83,7.4,33.6,-106.2,-16.8
1086,1087,2025-01-30 03:07:52,1738235272,10812,p,5.82,7.4,33.6,-106.2,-16.8
1087,1088,2025-01-30 03:08:02,1738235282,10822,p,5.82,7.4,33.6,-106.2,-16.8
1088,1089,2025-01-30 03:08:12,1738235292,10832,p,5.82,7.4,33.6,-106.2,-16.8
1089,1090,2025-01-30 03:08:22,1738235302,10842,p,5.82,7.4,33.6,-106.2,-16.8
1090,1091,2025-01-30 03:08:32,1738235312,10852,p,5.81,7.4,33.6,-106.2,-16.8
1091,1092,2025-01-30 03:08:42,1738235322,10862,p,5.81,7.4,33.6,-106.2,-16.8
1092,1093,2025-01-30 03:08:52,1738235332,10872,p,5.8,7.4,33.6,-106.2,-16.8
1093,1094,2025-01-30 03:09:02,1738235342,10882,p,5.8,7.4,33.6,-106.2,-16.8
1094,1095,2025-01-30 03:09:12,1738235352,10892,p,5.79,7.4,33.6,-106.2,-16.8
1095,1096,2025-01-30 03:09:22,1738235362,10902,p,5.79,7.4,33.6,-106.2,-16.8
1096,1097,2025-01-30 03:09:32,1738235372,10912,p,5.79,7.4,33.6,-106.2,-16.8
1097,1098,2025-01-30 03:09:42,1738235382,10922,p,5.79,7.4,33.6,-106.2,-16.8
1098,1099,2025-01-30 03:09:52,1738235392,10932,p,5.79,7.4,33.6,-106.2,-16.8
1099,1100,2025-01-30 03:10:02,1738235402,10942,p,5.79,7.4,33.6,-106.2,-16.8
1100,1101,2025-01-30 03:10:12,1738235412,10952,p,5.8,7.4,33.6,-106.2,-16.8
1101,1102,2025-01-30 03:10:22,1738235422,10962,p,5.8,7.5,33.6,-106.2,-16.8
1102,1103,2025-01-30 03:10:32,1738235432,10972,p,5.8,7.5,33.6,-106.2,-16.8
1103,1104,2025-01-30 03:10:42,1738235442,10982,p,5.81,7.6,33.6,-106.2,-16.8
1104,1105,2025-01-30 03:10:52,1738235452,10992,p,5.8,7.6,33.6,-106.2,-16.8
1105,1106,2025-01-30 03:11:02,1738235462,11002,p,5.81,7.6,33.6,-106.2,-16.8
1106,1107,2025-01-30 03:11:11,1738235471,11011,p,5.81,7.6,33.6,-106.2,-16.8
1107,1108,2025-01-30 03:11:21,1738235481,11021,p,5.82,7.6,33.6,-106.2,-16.8
1108,1109,2025-01-30 03:11:31,1738235491,11031,p,5.82,7.6,33.6,-106.2,-16.8
1109,1110,2025-01-30 03:11:41,1738235501,11041,p,5.82,7.6,33.6,-106.2,-16.8
1110,1111,2025-01-30 03:11:51,1738235511,11051,p,5.83,7.6,33.6,-106.2,-16.8
1111,1112,2025-01-30 03:12:01,1738235521,11061,p,5.83,7.6,33.6,-106.2,-16.8
1112,1113,2025-01-30 03:12:11,1738235531,11071,p,5.84,7.6,33.6,-106.2,-16.8
1113,1114,2025-01-30 03:12:21,1738235541,11081,p,5.84,7.6,33.6,-106.2,-16.8
1114,1115,2025-01-30 03:12:31,1738235551,11091,p,5.85,7.6,33.6,-106.2,-16.8
1115,1116,2025-01-30 03:12:41,1738235561,11101,p,5.85,7.6,33.6,-106.2,-16.8
1116,1117,2025-01-30 03:12:51,1738235571,11111,p,5.85,7.6,33.6,-106.2,-16.8
1117,1118,2025-01-30 03:13:01,1738235581,11121,p,5.86,7.6,33.6,-106.2,-16.8
1118,1119,2025-01-30 03:13:11,1738235591,11131,p,5.86,7.6,33.6,-106.2,-16.8
1119,1120,2025-01-30 03:13:21,1738235601,11141,p,5.87,7.6,33.6,-106.2,-16.8
1120,1121,2025-01-30 03:13:31,1738235611,11151,p,5.86,7.6,33.6,-106.2,-16.8
1121,1122,2025-01-30 03:13:41,1738235621,11161,p,5.87,7.6,33.6,-106.2,-16.8
1122,1123,2025-01-30 03:13:51,1738235631,11171,p,5.87,7.6,33.6,-106.2,-16.8
1123,1124,2025-01-30 03:14:01,1738235641,11181,p,5.87,7.6,33.6,-106.2,-16.8
1124,1125,2025-01-30 03:14:11,1738235651,11191,p,5.87,7.6,33.6,-106.2,-16.8
1125,1126,2025-01-30 03:14:21,1738235661,11201,p,5.87,7.6,33.6,-106.2,-16.8
1126,1127,2025-01-30 03:14:31,1738235671,11211,p,5.87,7.6,33.6,-106.2,-16.8
1127,1128,2025-01-30 03:14:41,1738235681,11221,p,5.88,7.6,33.6,-106.2,-16.8
1128,1129,2025-01-30 03:14:50,1738235690,11230,p,5.87,7.6,33.6,-106.2,-16.8
1129,1130,2025-01-30 03:15:00,1738235700,11240,p,5.87,7.6,33.6,-106.2,-16.8
1130,1131,2025-01-30 03:15:10,1738235710,11250,p,5.87,7.6,33.6,-106.2,-16.8
1131,1132,2025-01-30 03:15:20,1738235720,11260,p,5.86,7.6,33.6,-106.2,-16.8
1132,1133,2025-01-30 03:15:30,1738235730,11270,p,5.86,7.6,33.6,-106.2,-16.8
1133,1134,2025-01-30 03:15:40,1738235740,11280,p,5.87,7.6,33.6,-106.2,-16.8
1134,1135,2025-01-30 03:15:50,1738235750,11290,p,5.86,7.6,33.6,-106.2,-16.9
1135,1136,2025-01-30 03:16:00,1738235760,11300,p,5.86,7.6,33.6,-106.2,-16.9
1136,1137,2025-01-30 03:16:10,1738235770,11310,p,5.86,7.6,33.6,-106.2,-16.9
1137,1138,2025-01-30 03:16:20,1738235780,11320,p,5.85,7.6,33.6,-106.2,-16.9
1138,1139,2025-01-30 03:16:30,1738235790,11330,p,5.85,7.6,33.6,-106.2,-16.9
1139,1140,2025-01-30 03:16:40,1738235800,11340,p,5.85,7.6,33.6,-106.2,-16.9
1140,1141,2025-01-30 03:16:50,1738235810,11350,p,5.85,7.6,33.6,-106.2,-16.9
1141,1142,2025-01-30 03:17:00,1738235820,11360,p,5.84,7.6,33.6,-106.2,-16.9
1142,1143,2025-01-30 03:17:10,1738235830,11370,p,5.84,7.6,33.6,-106.2,-16.9
1143,1144,2025-01-30 03:17:20,1738235840,11380,p,5.84,7.6,33.6,-106.2,-16.9
1144,1145,2025-01-30 03:17:30,1738235850,11390,p,5.84,7.6,33.6,-106.2,-16.9
1145,1146,2025-01-30 03:17:40,1738235860,11400,p,5.84,7.6,33.6,-106.2,-16.9
1146,1147,2025-01-30 03:17:50,1738235870,11410,p,5.83,7.6,33.6,-106.2,-16.9
1147,1148,2025-01-30 03:18:00,1738235880,11420,p,5.83,7.6,33.6,-106.2,-16.9
1148,1149,2025-01-30 03:18:10,1738235890,11430,p,5.83,7.6,33.6,-106.2,-16.9
1149,1150,2025-01-30 03:18:20,1738235900,11440,p,5.83,7.6,33.6,-106.2,-16.9
1150,1151,2025-01-30 03:18:29,1738235909,11449,p,5.82,7.6,33.6,-106.2,-16.9
1151,1152,2025-01-30 03:18:39,1738235919,11459,p,5.83,7.6,33.6,-106.2,-16.9
1152,1153,2025-01-30 03:18:49,1738235929,11469,p,5.83,7.6,33.6,-106.2,-16.9
1153,1154,2025-01-30 03:18:59,1738235939,11479,p,5.83,7.6,33.6,-106.2,-16.9
1154,1155,2025-01-30 03:19:09,1738235949,11489,p,5.83,7.6,33.6,-106.2,-16.9
1155,1156,2025-01-30 03:19:19,1738235959,11499,p,5.82,7.6,33.6,-106.2,-16.9
1156,1157,2025-01-30 03:19:29,1738235969,11509,p,5.83,7.6,33.6,-106.2,-16.9
1157,1158,2025-01-30 03:19:39,1738235979,11519,p,5.82,7.6,33.6,-106.2,-16.9
1158,1159,2025-01-30 03:19:49,1738235989,11529,p,5.83,7.6,33.6,-106.2,-16.9
1159,1160,2025-01-30 03:19:59,1738235999,11539,p,5.83,7.6,33.6,-106.2,-16.9
1160,1161,2025-01-30 03:20:09,1738236009,11549,p,5.83,7.6,33.6,-106.2,-16.9
1161,1162,2025-01-30 03:20:19,1738236019,11559,p,5.83,7.6,33.6,-106.2,-16.9
1162,1163,2025-01-30 03:20:29,1738236029,11569,p,5.83,7.6,33.6,-106.2,-16.9
1163,1164,2025-01-30 03:20:39,1738236039,11579,p,5.83,7.6,33.6,-106.2,-16.9
1164,1165,2025-01-30 03:20:49,1738236049,11589,p,5.83,7.6,33.6,-106.2,-16.9
1165,1166,2025-01-30 03:20:59,1738236059,11599,p,5.83,7.6,33.6,-106.2,-16.9
1166,1167,2025-01-30 03:21:09,1738236069,11609,p,5.83,7.6,33.6,-106.2,-16.9
1167,1168,2025-01-30 03:21:19,1738236079,11619,p,5.84,7.6,33.6,-106.2,-16.9
1168,1169,2025-01-30 03:21:29,1738236089,11629,p,5.84,7.6,33.6,-106.2,-16.9
1169,1170,2025-01-30 03:21:39,1738236099,11639,p,5.84,7.6,33.6,-106.2,-16.9
1170,1171,2025-01-30 03:21:49,1738236109,11649,p,5.84,7.6,33.6,-106.2,-16.9
1171,1172,2025-01-30 03:21:59,1738236119,11659,p,5.84,7.6,33.6,-106.2,-16.9
1172,1173,2025-01-30 03:22:08,1738236128,11668,p,5.85,7.6,33.6,-106.2,-16.9
1173,1174,2025-01-30 03:22:18,1738236138,11678,p,5.85,7.6,33.6,-106.2,-16.9
1174,1175,2025-01-30 03:22:28,1738236148,11688,p,5.86,7.6,33.6,-106.2,-16.9
1175,1176,2025-01-30 03:22:38,1738236158,11698,p,5.86,7.6,33.6,-106.2,-16.9
1176,1177,2025-01-30 03:22:48,1738236168,11708,p,5.87,7.6,33.6,-106.2,-16.9
1177,1178,2025-01-30 03:22:58,1738236178,11718,p,5.87,7.6,33.6,-106.2,-16.9
1178,1179,2025-01-30 03:23:08,1738236188,11728,p,5.87,7.6,33.6,-106.2,-16.9
1179,1180,2025-01-30 03:23:18,1738236198,11738,p,5.87,7.6,33.6,-106.2,-16.9
1180,1181,2025-01-30 03:23:28,1738236208,11748,p,5.87,7.6,33.6,-106.2,-16.9
1181,1182,2025-01-30 03:23:38,1738236218,11758,p,5.88,7.6,33.6,-106.2,-16.9
1182,1183,2025-01-30 03:23:48,1738236228,11768,p,5.88,7.6,33.6,-106.2,-16.9
1183,1184,2025-01-30 03:23:58,1738236238,11778,p,5.88,7.6,33.6,-106.2,-16.9
1184,1185,2025-01-30 03:24:08,1738236248,11788,p,5.88,7.6,33.6,-106.2,-16.9
1185,1186,2025-01-30 03:24:18,1738236258,11798,p,5.88,7.6,33.6,-106.2,-16.9
1186,1187,2025-01-30 03:24:28,1738236268,11808,p,5.88,7.6,33.6,-106.2,-16.9
1187,1188,2025-01-30 03:24:38,1738236278,11818,p,5.89,7.6,33.6,-106.2,-16.9
1188,1189,2025-01-30 03:24:48,1738236288,11828,p,5.88,7.6,33.6,-106.2,-16.9
1189,1190,2025-01-30 03:24:58,1738236298,11838,p,5.88,7.6,33.6,-106.2,-16.9
1190,1191,2025-01-30 03:25:08,1738236308,11848,p,5.89,7.6,33.6,-106.2,-16.9
1191,1192,2025-01-30 03:25:18,1738236318,11858,p,5.88,7.6,33.6,-106.2,-16.9
1192,1193,2025-01-30 03:25:28,1738236328,11868,p,5.88,7.6,33.6,-106.2,-16.9
1193,1194,2025-01-30 03:25:37,1738236337,11877,p,5.88,7.6,33.6,-106.2,-16.9
1194,1195,2025-01-30 03:25:47,1738236347,11887,p,5.88,7.6,33.6,-106.2,-16.9
1195,1196,2025-01-30 03:25:57,1738236357,11897,p,5.88,7.6,33.6,-106.2,-16.9
1196,1197,2025-01-30 03:26:07,1738236367,11907,p,5.88,7.6,33.6,-106.2,-16.9
1197,1198,2025-01-30 03:26:17,1738236377,11917,p,5.88,7.6,33.6,-106.2,-16.9
1198,1199,2025-01-30 03:26:27,1738236387,11927,p,5.87,7.5,33.6,-106.2,-16.9
1199,1200,2025-01-30 03:26:37,1738236397,11937,p,5.87,7.6,33.6,-106.2,-16.9
1200,1201,2025-01-30 03:26:47,1738236407,11947,p,5.87,7.6,33.6,-106.2,-16.9
1201,1202,2025-01-30 03:26:57,1738236417,11957,p,5.87,7.6,33.6,-106.2,-16.9
1202,1203,2025-01-30 03:27:07,1738236427,11967,p,5.86,7.6,33.6,-106.2,-16.9
1203,1204,2025-01-30 03:27:17,1738236437,11977,p,5.86,7.6,33.6,-106.2,-16.9
1204,1205,2025-01-30 03:27:27,1738236447,11987,p,5.86,7.6,33.6,-106.2,-16.9
1205,1206,2025-01-30 03:27:37,1738236457,11997,p,5.85,7.6,33.6,-106.2,-16.9
1206,1207,2025-01-30 03:27:47,1738236467,12007,p,5.85,7.5,33.6,-106.2,-16.9
1207,1208,2025-01-30 03:27:57,1738236477,12017,p,5.85,7.5,33.6,-106.2,-16.9
1208,1209,2025-01-30 03:28:07,1738236487,12027,p,5.85,7.5,33.6,-106.2,-16.9
1209,1210,2025-01-30 03:28:17,1738236497,12037,p,5.84,7.5,33.6,-106.2,-16.9
1210,1211,2025-01-30 03:28:27,1738236507,12047,p,5.84,7.5,33.6,-106.2,-16.9
1211,1212,2025-01-30 03:28:37,1738236517,12057,p,5.84,7.5,33.6,-106.2,-16.9
1212,1213,2025-01-30 03:28:47,1738236527,12067,p,5.84,7.5,33.6,-106.2,-16.9
1213,1214,2025-01-30 03:28:57,1738236537,12077,p,5.84,7.6,33.6,-106.2,-16.9
1214,1215,2025-01-30 03:29:07,1738236547,12087,p,5.84,7.6,33.6,-106.2,-16.9
1215,1216,2025-01-30 03:29:16,1738236556,12096,p,5.84,7.6,33.6,-106.2,-16.9
1216,1217,2025-01-30 03:29:26,1738236566,12106,p,5.84,7.6,33.6,-106.2,-16.9
1217,1218,2025-01-30 03:29:36,1738236576,12116,p,5.84,7.6,33.6,-106.2,-16.9
1218,1219,2025-01-30 03:29:46,1738236586,12126,p,5.84,7.6,33.6,-106.2,-16.9
1219,1220,2025-01-30 03:29:56,1738236596,12136,p,5.84,7.6,33.6,-106.2,-16.9
1220,1221,2025-01-30 03:30:06,1738236606,12146,p,5.85,7.6,33.6,-106.2,-16.9
1221,1222,2025-01-30 03:30:16,1738236616,12156,p,5.85,7.6,33.6,-106.2,-16.9
1222,1223,2025-01-30 03:30:26,1738236626,12166,p,5.85,7.6,33.6,-106.2,-16.9
1223,1224,2025-01-30 03:30:36,1738236636,12176,p,5.86,7.6,33.6,-106.2,-16.9
1224,1225,2025-01-30 03:30:46,1738236646,12186,p,5.86,7.6,33.6,-106.2,-16.9
1225,1226,2025-01-30 03:30:56,1738236656,12196,p,5.87,7.6,33.6,-106.2,-16.9
1226,1227,2025-01-30 03:31:06,1738236666,12206,p,5.87,7.6,33.6,-106.2,-16.9
1227,1228,2025-01-30 03:31:16,1738236676,12216,p,5.87,7.6,33.6,-106.2,-16.9
1228,1229,2025-01-30 03:31:26,1738236686,12226,p,5.88,7.6,33.6,-106.2,-16.9
1229,1230,2025-01-30 03:31:36,1738236696,12236,p,5.88,7.6,33.6,-106.2,-16.9
1230,1231,2025-01-30 03:31:46,1738236706,12246,p,5.88,7.6,33.6,-106.2,-16.9
1231,1232,2025-01-30 03:31:56,1738236716,12256,p,5.88,7.6,33.6,-106.2,-16.9
1232,1233,2025-01-30 03:32:06,1738236726,12266,p,5.89,7.6,33.6,-106.2,-16.9
1233,1234,2025-01-30 03:32:16,1738236736,12276,p,5.88,7.6,33.6,-106.2,-16.9
1234,1235,2025-01-30 03:32:26,1738236746,12286,p,5.89,7.6,33.6,-106.2,-16.9
1235,1236,2025-01-30 03:32:36,1738236756,12296,p,5.88,7.6,33.6,-106.2,-16.9
1236,1237,2025-01-30 03:32:46,1738236766,12306,p,5.88,7.6,33.6,-106.2,-16.9
1237,1238,2025-01-30 03:32:55,1738236775,12315,p,5.89,7.6,33.6,-106.2,-16.9
1238,1239,2025-01-30 03:33:05,1738236785,12325,p,5.89,7.5,33.6,-106.2,-16.9
1239,1240,2025-01-30 03:33:15,1738236795,12335,p,5.88,7.5,33.6,-106.2,-16.9
1240,1241,2025-01-30 03:33:25,1738236805,12345,p,5.88,7.5,33.6,-106.2,-16.9
1241,1242,2025-01-30 03:33:35,1738236815,12355,p,5.88,7.5,33.6,-106.2,-16.9
1242,1243,2025-01-30 03:33:45,1738236825,12365,p,5.87,7.5,33.6,-106.2,-16.9
1243,1244,2025-01-30 03:33:55,1738236835,12375,p,5.87,7.5,33.6,-106.2,-16.9
1244,1245,2025-01-30 03:34:05,1738236845,12385,p,5.87,7.5,33.6,-106.2,-16.9
1245,1246,2025-01-30 03:34:15,1738236855,12395,p,5.88,7.5,33.6,-106.2,-16.9
1246,1247,2025-01-30 03:34:25,1738236865,12405,p,5.87,7.5,33.6,-106.2,-16.9
1247,1248,2025-01-30 03:34:35,1738236875,12415,p,5.86,7.5,33.6,-106.2,-16.9
1248,1249,2025-01-30 03:34:45,1738236885,12425,p,5.86,7.5,33.6,-106.2,-16.9
1249,1250,2025-01-30 03:34:55,1738236895,12435,p,5.86,7.5,33.6,-106.2,-16.9
1250,1251,2025-01-30 03:35:05,1738236905,12445,p,5.86,7.5,33.6,-106.2,-16.9
1251,1252,2025-01-30 03:35:15,1738236915,12455,p,5.85,7.5,33.6,-106.2,-16.9
1252,1253,2025-01-30 03:35:25,1738236925,12465,p,5.85,7.5,33.6,-106.2,-16.9
1253,1254,2025-01-30 03:35:35,1738236935,12475,p,5.86,7.5,33.6,-106.2,-16.9
1254,1255,2025-01-30 03:35:45,1738236945,12485,p,5.86,7.6,33.6,-106.2,-16.9
1255,1256,2025-01-30 03:35:55,1738236955,12495,p,5.86,7.6,33.6,-106.2,-16.9
1256,1257,2025-01-30 03:36:05,1738236965,12505,p,5.86,7.6,33.6,-106.2,-16.9
1257,1258,2025-01-30 03:36:15,1738236975,12515,p,5.86,7.6,33.6,-106.2,-16.9
1258,1259,2025-01-30 03:36:25,1738236985,12525,p,5.86,7.6,33.6,-106.2,-16.9
1259,1260,2025-01-30 03:36:34,1738236994,12534,p,5.86,7.6,33.6,-106.2,-16.9
1260,1261,2025-01-30 03:36:44,1738237004,12544,p,5.87,7.6,33.6,-106.2,-16.9
1261,1262,2025-01-30 03:36:54,1738237014,12554,p,5.87,7.6,33.6,-106.2,-16.9
1262,1263,2025-01-30 03:37:04,1738237024,12564,p,5.87,7.6,33.6,-106.2,-16.9
1263,1264,2025-01-30 03:37:14,1738237034,12574,p,5.87,7.6,33.6,-106.2,-16.9
1264,1265,2025-01-30 03:37:24,1738237044,12584,p,5.88,7.6,33.6,-106.2,-16.9
1265,1266,2025-01-30 03:37:34,1738237054,12594,p,5.89,7.6,33.6,-106.2,-16.9
1266,1267,2025-01-30 03:37:44,1738237064,12604,p,5.88,7.6,33.6,-106.2,-16.9
1267,1268,2025-01-30 03:37:54,1738237074,12614,p,5.88,7.6,33.6,-106.2,-16.9
1268,1269,2025-01-30 03:38:04,1738237084,12624,p,5.89,7.6,33.6,-106.2,-16.9
1269,1270,2025-01-30 03:38:14,1738237094,12634,p,5.89,7.6,33.6,-106.2,-16.9
1270,1271,2025-01-30 03:38:24,1738237104,12644,p,5.89,7.6,33.6,-106.2,-16.9
1271,1272,2025-01-30 03:38:34,1738237114,12654,p,5.89,7.6,33.6,-106.2,-16.9
1272,1273,2025-01-30 03:38:44,1738237124,12664,p,5.9,7.6,33.6,-106.2,-16.9
1273,1274,2025-01-30 03:38:54,1738237134,12674,p,5.89,7.6,33.6,-106.2,-16.9
1274,1275,2025-01-30 03:39:04,1738237144,12684,p,5.89,7.6,33.6,-106.2,-16.9
1275,1276,2025-01-30 03:39:14,1738237154,12694,p,5.89,7.6,33.6,-106.2,-16.9
1276,1277,2025-01-30 03:39:24,1738237164,12704,p,5.89,7.6,33.6,-106.2,-16.9
1277,1278,2025-01-30 03:39:34,1738237174,12714,p,5.89,7.6,33.6,-106.2,-16.9
1278,1279,2025-01-30 03:39:44,1738237184,12724,p,5.89,7.6,33.6,-106.2,-16.9
1279,1280,2025-01-30 03:39:54,1738237194,12734,p,5.89,7.6,33.6,-106.2,-16.9
1280,1281,2025-01-30 03:40:04,1738237204,12744,p,5.89,7.6,33.6,-106.2,-16.9
1281,1282,2025-01-30 03:40:13,1738237213,12753,p,5.88,7.6,33.6,-106.2,-16.9
1282,1283,2025-01-30 03:40:23,1738237223,12763,p,5.88,7.6,33.6,-106.2,-16.9
1283,1284,2025-01-30 03:40:33,1738237233,12773,p,5.89,7.6,33.6,-106.2,-16.9
1284,1285,2025-01-30 03:40:43,1738237243,12783,p,5.89,7.6,33.6,-106.2,-16.9
1285,1286,2025-01-30 03:40:53,1738237253,12793,p,5.88,7.6,33.6,-106.2,-16.9
1286,1287,2025-01-30 03:41:03,1738237263,12803,p,5.89,7.6,33.6,-106.2,-16.9
1287,1288,2025-01-30 03:41:13,1738237273,12813,p,5.88,7.6,33.6,-106.2,-16.9
1288,1289,2025-01-30 03:41:23,1738237283,12823,p,5.89,7.6,33.6,-106.2,-16.9
1289,1290,2025-01-30 03:41:33,1738237293,12833,p,5.89,7.6,33.6,-106.2,-16.9
1290,1291,2025-01-30 03:41:43,1738237303,12843,p,5.89,7.6,33.6,-106.2,-16.9
1291,1292,2025-01-30 03:41:53,1738237313,12853,p,5.9,7.6,33.6,-106.2,-16.9
1292,1293,2025-01-30 03:42:03,1738237323,12863,p,5.89,7.6,33.6,-106.2,-16.9
1293,1294,2025-01-30 03:42:13,1738237333,12873,p,5.9,7.6,33.6,-106.2,-16.9
1294,1295,2025-01-30 03:42:23,1738237343,12883,p,5.9,7.6,33.6,-106.2,-16.9
1295,1296,2025-01-30 03:42:33,1738237353,12893,p,5.9,7.6,33.6,-106.2,-16.9
1296,1297,2025-01-30 03:42:43,1738237363,12903,p,5.9,7.6,33.6,-106.2,-16.9
1297,1298,2025-01-30 03:42:53,1738237373,12913,p,5.9,7.6,33.6,-106.2,-16.9
1298,1299,2025-01-30 03:43:03,1738237383,12923,p,5.91,7.6,33.6,-106.2,-16.9
1299,1300,2025-01-30 03:43:13,1738237393,12933,p,5.91,7.6,33.6,-106.2,-16.9
1300,1301,2025-01-30 03:43:23,1738237403,12943,p,5.92,7.6,33.6,-106.2,-16.9
1301,1302,2025-01-30 03:43:33,1738237413,12953,p,5.92,7.6,33.6,-106.2,-16.9
1302,1303,2025-01-30 03:43:42,1738237422,12962,p,5.92,7.6,33.6,-106.2,-16.9
1303,1304,2025-01-30 03:43:52,1738237432,12972,p,5.92,7.6,33.6,-106.2,-16.9
1304,1305,2025-01-30 03:44:02,1738237442,12982,p,5.92,7.6,33.6,-106.2,-16.9
1305,1306,2025-01-30 03:44:12,1738237452,12992,p,5.92,7.6,33.6,-106.2,-16.9
1306,1307,2025-01-30 03:44:22,1738237462,13002,p,5.92,7.6,33.6,-106.2,-16.9
1307,1308,2025-01-30 03:44:32,1738237472,13012,p,5.92,7.6,33.6,-106.2,-16.9
1308,1309,2025-01-30 03:44:42,1738237482,13022,p,5.92,7.6,33.6,-106.2,-16.9
1309,1310,2025-01-30 03:44:52,1738237492,13032,p,5.92,7.6,33.6,-106.2,-16.9
1310,1311,2025-01-30 03:45:02,1738237502,13042,p,5.91,7.6,33.6,-106.2,-16.9
1311,1312,2025-01-30 03:45:12,1738237512,13052,p,5.91,7.6,33.6,-106.2,-16.9
1312,1313,2025-01-30 03:45:22,1738237522,13062,p,5.91,7.6,33.6,-106.2,-16.9
1313,1314,2025-01-30 03:45:32,1738237532,13072,p,5.91,7.6,33.6,-106.2,-16.9
1314,1315,2025-01-30 03:45:42,1738237542,13082,p,5.91,7.6,33.6,-106.2,-16.9
1315,1316,2025-01-30 03:45:52,1738237552,13092,p,5.9,7.6,33.6,-106.2,-16.9
1316,1317,2025-01-30 03:46:02,1738237562,13102,p,5.9,7.6,33.6,-106.2,-16.9
1317,1318,2025-01-30 03:46:12,1738237572,13112,p,5.89,7.6,33.6,-106.2,-16.9
1318,1319,2025-01-30 03:46:22,1738237582,13122,p,5.89,7.6,33.6,-106.2,-16.9
1319,1320,2025-01-30 03:46:32,1738237592,13132,p,5.9,7.6,33.6,-106.2,-16.9
1320,1321,2025-01-30 03:46:42,1738237602,13142,p,5.89,7.6,33.6,-106.2,-16.9
1321,1322,2025-01-30 03:46:52,1738237612,13152,p,5.88,7.6,33.6,-106.2,-16.9
1322,1323,2025-01-30 03:47:02,1738237622,13162,p,5.88,7.6,33.6,-106.2,-16.9
1323,1324,2025-01-30 03:47:11,1738237631,13171,p,5.88,7.6,33.6,-106.2,-16.9
1324,1325,2025-01-30 03:47:21,1738237641,13181,p,5.88,7.6,33.6,-106.2,-16.9
1325,1326,2025-01-30 03:47:31,1738237651,13191,p,5.88,7.6,33.6,-106.2,-16.9
1326,1327,2025-01-30 03:47:41,1738237661,13201,p,5.87,7.6,33.6,-106.2,-16.9
1327,1328,2025-01-30 03:47:51,1738237671,13211,p,5.87,7.6,33.6,-106.2,-16.9
1328,1329,2025-01-30 03:48:01,1738237681,13221,p,5.88,7.7,33.6,-106.2,-16.9
1329,1330,2025-01-30 03:48:11,1738237691,13231,p,5.88,7.7,33.6,-106.2,-16.9
1330,1331,2025-01-30 03:48:21,1738237701,13241,p,5.88,7.7,33.6,-106.2,-16.9
1331,1332,2025-01-30 03:48:31,1738237711,13251,p,5.08,7.7,1,-91.6,-1.5
1332,1333,2025-01-30 03:48:41,1738237721,13261,p,4.81,7.6,350.8,-87.1,-2.1
1333,1334,2025-01-30 03:48:51,1738237731,13271,p,1.9,7.6,352.4,-88.4,1.4
1334,1335,2025-01-30 03:49:01,1738237741,13281,p,0.82,7.6,304.8,-88.6,-0.4
1335,1336,2025-01-30 03:49:11,1738237751,13291,p,0.31,7.6,232.8,-134.1,-53.6
1336,1337,2025-01-30 03:49:21,1738237761,13301,p,0.31,7.6,254.1,-107.4,-56.7
1337,1338,2025-01-30 03:49:31,1738237771,13311,p,0.31,7.6,267.4,-87.6,-2.2
1338,1339,2025-01-30 03:49:41,1738237781,13321,p,0.31,7.6,267.4,-87.5,-2.3
1339,1340,2025-01-30 03:49:41,1738237781,13321,p,0,0,0,0,0
